"MARCA RECURSO INSUFICIENTE";"DESASIGNADA";"COD MOVIL";"TIPO";"ESTADO";"ESTADO_FINALIZACION";"CODIGO AMBITO";"COD ELEMENTO RESPONSABLE";"COD CONDICION";"BAREMO";"PRECIO"
"NO";"NO";"*";"*";"CERRADO";"PROVISORIO";6;"F01";19;"ATENCION RECLAMO DOMICILIO PROVISORIO";" 9792 "
"NO";"NO";"*";"*";"CERRADO";"PROVISORIO";6;"M01";77;"ATENCION RECLAMO DOMICILIO PROVISORIO";" 9792 "
"NO";"NO";"*";"*";"CERRADO";"PROVISORIO";6;"A02";3;"ATENCION RECLAMO DOMICILIO PROVISORIO";" 9792 "
"NO";"NO";"*";"*";"CERRADO";"PROVISORIO";6;"P26";66;"ATENCION RECLAMO DOMICILIO PROVISORIO";" 9792 "
"NO";"NO";"*";"*";"CERRADO";"PROVISORIO";6;"A02";66;"ATENCION RECLAMO DOMICILIO PROVISORIO";" 9792 "
"NO";"NO";"*";"*";"CERRADO";"PROVISORIO";6;"A01";66;"ATENCION RECLAMO DOMICILIO PROVISORIO";" 9792 "
"NO";"NO";"*";"*";"CERRADO";"PROVISORIO";7;"C02";40;"ATENCION RECLAMO DOMICILIO PROVISORIO";" 9792 "
"NO";"NO";"*";"*";"CERRADO";"PROVISORIO";7;"P26";40;"ATENCION RECLAMO DOMICILIO PROVISORIO";" 9792 "
"NO";"NO";"*";"*";"CERRADO";"PROVISORIO";7;"I01";85;"ATENCION RECLAMO DOMICILIO PROVISORIO";" 9792 "
"NO";"NO";"*";"*";"CERRADO";"PROVISORIO";6;"A01";3;"ATENCION RECLAMO DOMICILIO PROVISORIO";" 9792 "
"NO";"NO";"*";"*";"CERRADO";"PROVISORIO";8;"L09";10;"ATENCION RECLAMO DOMICILIO PROVISORIO";" 9792 "
"NO";"NO";"*";"*";"CERRADO";"PROVISORIO";6;"D02";69;"ATENCION RECLAMO DOMICILIO PROVISORIO";" 9792 "
"NO";"NO";"*";"*";"CERRADO";"PROVISORIO";7;"C02";54;"ATENCION RECLAMO DOMICILIO PROVISORIO";" 9792 "
"NO";"NO";"*";"*";"CERRADO";"PROVISORIO";7;"M01";77;"ATENCION RECLAMO DOMICILIO PROVISORIO";" 9792 "
"NO";"NO";"*";"*";"CERRADO";"PROVISORIO";6;"D02";8;"ATENCION RECLAMO DOMICILIO PROVISORIO";" 9792 "
"NO";"NO";"*";"*";"CERRADO";"PROVISORIO";6;"M01";50;"ATENCION RECLAMO DOMICILIO PROVISORIO";" 9792 "
"NO";"NO";"*";"*";"CERRADO";"PROVISORIO";6;"A02";69;"ATENCION RECLAMO DOMICILIO PROVISORIO";" 9792 "
"NO";"NO";"*";"*";"CERRADO";"PROVISORIO";6;"P26";78;"ATENCION RECLAMO DOMICILIO PROVISORIO";" 9792 "
"NO";"NO";"*";"*";"CERRADO";"PROVISORIO";8;"P22";3;"ATENCION RECLAMO DOMICILIO PROVISORIO";" 9792 "
"NO";"NO";"*";"*";"CERRADO";"PROVISORIO";7;"M01";69;"ATENCION RECLAMO DOMICILIO PROVISORIO";" 9792 "
"NO";"NO";"*";"*";"CERRADO";"PROVISORIO";6;"A02";16;"ATENCION RECLAMO DOMICILIO PROVISORIO";" 9792 "
"NO";"NO";"*";"*";"CERRADO";"PROVISORIO";6;"T04";54;"ATENCION RECLAMO DOMICILIO PROVISORIO";" 9792 "
"NO";"NO";"*";"*";"CERRADO";"PROVISORIO";6;"P26";69;"ATENCION RECLAMO DOMICILIO PROVISORIO";" 9792 "
"NO";"NO";"*";"*";"CERRADO";"PROVISORIO";6;"P26";77;"ATENCION RECLAMO DOMICILIO PROVISORIO";" 9792 "
"NO";"NO";"*";"*";"CERRADO";"PROVISORIO";6;"M01";63;"ATENCION RECLAMO DOMICILIO PROVISORIO";" 9792 "
"NO";"NO";"*";"*";"CERRADO";"PROVISORIO";8;"P16";87;"ATENCION RECLAMO DOMICILIO PROVISORIO";" 9792 "
"NO";"NO";"*";"*";"CERRADO";"PROVISORIO";7;"P25";77;"ATENCION RECLAMO DOMICILIO PROVISORIO";" 9792 "
"NO";"NO";"*";"*";"CERRADO";"PROVISORIO";7;"M01";63;"ATENCION RECLAMO DOMICILIO PROVISORIO";" 9792 "
"NO";"NO";"*";"*";"CERRADO";"PROVISORIO";6;"T04";78;"ATENCION RECLAMO DOMICILIO PROVISORIO";" 9792 "
"NO";"NO";"*";"*";"CERRADO";"PROVISORIO";6;"A01";16;"ATENCION RECLAMO DOMICILIO PROVISORIO";" 9792 "
"NO";"NO";"*";"*";"CERRADO";"PROVISORIO";8;"P16";91;"ATENCION RECLAMO DOMICILIO PROVISORIO";" 9792 "
"NO";"NO";"*";"*";"CERRADO";"PROVISORIO";6;"M01";7;"ATENCION RECLAMO DOMICILIO PROVISORIO";" 9792 "
"NO";"NO";"*";"*";"CERRADO";"PROVISORIO";7;"M01";25;"ATENCION RECLAMO DOMICILIO PROVISORIO";" 9792 "
"NO";"NO";"*";"*";"CERRADO";"PROVISORIO";6;"A01";61;"ATENCION RECLAMO DOMICILIO PROVISORIO";" 9792 "
"NO";"NO";"*";"*";"CERRADO";"PROVISORIO";7;"C02";69;"ATENCION RECLAMO DOMICILIO PROVISORIO";" 9792 "
"NO";"NO";"*";"*";"CERRADO";"PROVISORIO";6;"F01";66;"ATENCION RECLAMO DOMICILIO PROVISORIO";" 9792 "
"NO";"NO";"*";"*";"CERRADO";"PROVISORIO";6;"P43";80;"ATENCION RECLAMO DOMICILIO PROVISORIO";" 9792 "
"NO";"NO";"*";"*";"CERRADO";"PROVISORIO";6;"M01";54;"ATENCION RECLAMO DOMICILIO PROVISORIO";" 9792 "
"NO";"NO";"*";"*";"CERRADO";"PROVISORIO";6;"P26";29;"ATENCION RECLAMO DOMICILIO PROVISORIO";" 9792 "
"NO";"NO";"*";"*";"CERRADO";"PROVISORIO";6;"A02";61;"ATENCION RECLAMO DOMICILIO PROVISORIO";" 9792 "
"NO";"NO";"*";"*";"CERRADO";"PROVISORIO";6;"P26";40;"ATENCION RECLAMO DOMICILIO PROVISORIO";" 9792 "
"NO";"NO";"*";"*";"CERRADO";"PROVISORIO";8;"L09";29;"ATENCION RECLAMO DOMICILIO PROVISORIO";" 9792 "
"NO";"NO";"*";"*";"CERRADO";"PROVISORIO";6;"A02";78;"ATENCION RECLAMO DOMICILIO PROVISORIO";" 9792 "
"NO";"NO";"*";"*";"CERRADO";"PROVISORIO";6;"A01";54;"ATENCION RECLAMO DOMICILIO PROVISORIO";" 9792 "
"NO";"NO";"*";"*";"CERRADO";"PROVISORIO";6;"D02";78;"ATENCION RECLAMO DOMICILIO PROVISORIO";" 9792 "
"NO";"NO";"*";"*";"CERRADO";"PROVISORIO";6;"A02";17;"ATENCION RECLAMO DOMICILIO PROVISORIO";" 9792 "
"NO";"NO";"*";"*";"CERRADO";"PROVISORIO";6;"B01";69;"ATENCION RECLAMO DOMICILIO PROVISORIO";" 9792 "
"NO";"NO";"*";"*";"CERRADO";"PROVISORIO";7;"C02";74;"ATENCION RECLAMO DOMICILIO PROVISORIO";" 9792 "
"NO";"NO";"*";"*";"CERRADO";"PROVISORIO";7;"D02";8;"ATENCION RECLAMO DOMICILIO PROVISORIO";" 9792 "
"NO";"NO";"*";"*";"CERRADO";"PROVISORIO";6;"M01";69;"ATENCION RECLAMO DOMICILIO PROVISORIO";" 9792 "
"NO";"NO";"*";"*";"CERRADO";"PROVISORIO";7;"D02";78;"ATENCION RECLAMO DOMICILIO PROVISORIO";" 9792 "
"NO";"NO";"*";"*";"CERRADO";"PROVISORIO";8;"L08";3;"ATENCION RECLAMO DOMICILIO PROVISORIO";" 9792 "
"NO";"NO";"*";"*";"CERRADO";"PROVISORIO";6;"P42";54;"ATENCION RECLAMO DOMICILIO PROVISORIO";" 9792 "
"NO";"NO";"*";"*";"CERRADO";"PROVISORIO";6;"A02";19;"ATENCION RECLAMO DOMICILIO PROVISORIO";" 9792 "
"NO";"NO";"*";"*";"CERRADO";"PROVISORIO";6;"B18";77;"ATENCION RECLAMO DOMICILIO PROVISORIO";" 9792 "
"NO";"NO";"*";"*";"CERRADO";"PROVISORIO";6;"A02";12;"ATENCION RECLAMO DOMICILIO PROVISORIO";" 9792 "
"NO";"NO";"*";"*";"CERRADO";"PROVISORIO";7;"I01";89;"ATENCION RECLAMO DOMICILIO PROVISORIO";" 9792 "
"NO";"NO";"*";"*";"CERRADO";"PROVISORIO";7;"T04";54;"ATENCION RECLAMO DOMICILIO PROVISORIO";" 9792 "
"NO";"NO";"*";"*";"CERRADO";"PROVISORIO";6;"D02";85;"ATENCION RECLAMO DOMICILIO PROVISORIO";" 9792 "
"NO";"NO";"*";"*";"CERRADO";"PROVISORIO";6;"P25";77;"ATENCION RECLAMO DOMICILIO PROVISORIO";" 9792 "
"NO";"NO";"*";"*";"CERRADO";"PROVISORIO";7;"B17";54;"ATENCION RECLAMO DOMICILIO PROVISORIO";" 9792 "
"NO";"NO";"*";"*";"CERRADO";"PROVISORIO";6;"M01";29;"ATENCION RECLAMO DOMICILIO PROVISORIO";" 9792 "
"NO";"NO";"*";"*";"CERRADO";"PROVISORIO";7;"C02";3;"ATENCION RECLAMO DOMICILIO PROVISORIO";" 9792 "
"NO";"NO";"*";"*";"CERRADO";"PROVISORIO";8;"A02";3;"ATENCION RECLAMO DOMICILIO PROVISORIO";" 9792 "
"NO";"NO";"*";"*";"CERRADO";"PROVISORIO";6;"C07";78;"ATENCION RECLAMO DOMICILIO PROVISORIO";" 9792 "
"NO";"NO";"*";"*";"CERRADO";"PROVISORIO";7;"M01";27;"ATENCION RECLAMO DOMICILIO PROVISORIO";" 9792 "
"NO";"NO";"*";"*";"CERRADO";"PROVISORIO";6;"M01";61;"ATENCION RECLAMO DOMICILIO PROVISORIO";" 9792 "
"NO";"NO";"*";"*";"CERRADO";"PROVISORIO";6;"P25";78;"ATENCION RECLAMO DOMICILIO PROVISORIO";" 9792 "
"NO";"NO";"*";"*";"CERRADO";"PROVISORIO";7;"D02";89;"ATENCION RECLAMO DOMICILIO PROVISORIO";" 9792 "
"NO";"NO";"*";"*";"CERRADO";"PROVISORIO";6;"U01";78;"ATENCION RECLAMO DOMICILIO PROVISORIO";" 9792 "
"NO";"NO";"*";"*";"CERRADO";"PROVISORIO";4;"P16";96;"ATENCION RECLAMO EN RED BT";" 15233 "
"NO";"NO";"*";"*";"CERRADO";"PROVISORIO";4;"L02";78;"ATENCION RECLAMO EN RED BT";" 15233 "
"NO";"NO";"*";"*";"CERRADO";"PROVISORIO";4;"S03";78;"ATENCION RECLAMO EN RED BT";" 15233 "
"NO";"NO";"*";"*";"CERRADO";"PROVISORIO";4;"N01";3;"ATENCION RECLAMO EN RED BT";" 15233 "
"NO";"NO";"*";"*";"CERRADO";"PROVISORIO";1;"P16";80;"ATENCION RECLAMO EN RED BT";" 15233 "
"NO";"NO";"*";"*";"CERRADO";"PROVISORIO";1;"L02";78;"ATENCION RECLAMO EN RED BT";" 15233 "
"NO";"NO";"*";"*";"CERRADO";"PROVISORIO";1;"L02";12;"ATENCION RECLAMO EN RED BT";" 15233 "
"NO";"NO";"*";"*";"CERRADO";"PROVISORIO";4;"P16";12;"ATENCION RECLAMO EN RED BT";" 15233 "
"NO";"NO";"*";"*";"CERRADO";"PROVISORIO";5;"C46";40;"ATENCION RECLAMO EN RED BT";" 15233 "
"NO";"NO";"*";"*";"CERRADO";"PROVISORIO";5;"T03";78;"ATENCION RECLAMO EN RED BT";" 15233 "
"NO";"NO";"*";"*";"CERRADO";"PROVISORIO";4;"L02";12;"ATENCION RECLAMO EN RED BT";" 15233 "
"NO";"NO";"*";"*";"CERRADO";"PROVISORIO";1;"S03";78;"ATENCION RECLAMO EN RED BT";" 15233 "
"NO";"NO";"*";"*";"CERRADO";"PROVISORIO";3;"P02";54;"ATENCION RECLAMO EN RED BT";" 15233 "
"NO";"NO";"*";"*";"CERRADO";"PROVISORIO";4;"S03";12;"ATENCION RECLAMO EN RED BT";" 15233 "
"NO";"NO";"*";"*";"CERRADO";"PROVISORIO";3;"P16";78;"ATENCION RECLAMO EN RED BT";" 15233 "
"NO";"NO";"*";"*";"CERRADO";"PROVISORIO";5;"T06";71;"ATENCION RECLAMO EN RED BT";" 15233 "
"NO";"NO";"*";"*";"CERRADO";"PROVISORIO";3;"P29";66;"ATENCION RECLAMO EN RED BT";" 15233 "
"NO";"NO";"*";"*";"CERRADO";"PROVISORIO";4;"T10";78;"ATENCION RECLAMO EN RED BT";" 15233 "
"NO";"NO";"*";"*";"CERRADO";"PROVISORIO";4;"S03";85;"ATENCION RECLAMO EN RED BT";" 15233 "
"NO";"NO";"*";"*";"CERRADO";"PROVISORIO";1;"L02";54;"ATENCION RECLAMO EN RED BT";" 15233 "
"NO";"NO";"*";"*";"CERRADO";"PROVISORIO";4;"P02";43;"ATENCION RECLAMO EN RED BT";" 15233 "
"NO";"NO";"*";"*";"CERRADO";"PROVISORIO";4;"C26";54;"ATENCION RECLAMO EN RED BT";" 15233 "
"NO";"NO";"*";"*";"CERRADO";"PROVISORIO";5;"C01";69;"ATENCION RECLAMO EN RED BT";" 15233 "
"NO";"NO";"*";"*";"CERRADO";"PROVISORIO";4;"S03";89;"ATENCION RECLAMO EN RED BT";" 15233 "
"NO";"NO";"*";"*";"CERRADO";"PROVISORIO";5;"C01";16;"ATENCION RECLAMO EN RED BT";" 15233 "
"NO";"NO";"*";"*";"CERRADO";"PROVISORIO";1;"P16";58;"ATENCION RECLAMO EN RED BT";" 15233 "
"NO";"NO";"*";"*";"CERRADO";"PROVISORIO";4;"P16";11;"ATENCION RECLAMO EN RED BT";" 15233 "
"NO";"NO";"*";"*";"CERRADO";"PROVISORIO";3;"P29";69;"ATENCION RECLAMO EN RED BT";" 15233 "
"NO";"NO";"*";"*";"CERRADO";"PROVISORIO";4;"C26";26;"ATENCION RECLAMO EN RED BT";" 15233 "
"NO";"NO";"*";"*";"CERRADO";"PROVISORIO";4;"C05";78;"ATENCION RECLAMO EN RED BT";" 15233 "
"NO";"NO";"*";"*";"CERRADO";"PROVISORIO";4;"P16";48;"ATENCION RECLAMO EN RED BT";" 15233 "
"NO";"NO";"*";"*";"CERRADO";"PROVISORIO";1;"S03";12;"ATENCION RECLAMO EN RED BT";" 15233 "
"NO";"NO";"*";"*";"CERRADO";"PROVISORIO";4;"P16";58;"ATENCION RECLAMO EN RED BT";" 15233 "
"NO";"NO";"*";"*";"CERRADO";"PROVISORIO";4;"L02";3;"ATENCION RECLAMO EN RED BT";" 15233 "
"NO";"NO";"*";"*";"CERRADO";"PROVISORIO";4;"L07";66;"ATENCION RECLAMO EN RED BT";" 15233 "
"NO";"NO";"*";"*";"CERRADO";"PROVISORIO";3;"P29";54;"ATENCION RECLAMO EN RED BT";" 15233 "
"NO";"NO";"*";"*";"CERRADO";"PROVISORIO";4;"P16";35;"ATENCION RECLAMO EN RED BT";" 15233 "
"NO";"NO";"*";"*";"CERRADO";"PROVISORIO";3;"T20";85;"ATENCION RECLAMO EN RED BT";" 15233 "
"NO";"NO";"*";"*";"CERRADO";"PROVISORIO";5;"C09";54;"ATENCION RECLAMO EN RED BT";" 15233 "
"NO";"NO";"*";"*";"CERRADO";"PROVISORIO";5;"P29";66;"ATENCION RECLAMO EN RED BT";" 15233 "
"NO";"NO";"*";"*";"CERRADO";"PROVISORIO";1;"T27";78;"ATENCION RECLAMO EN RED BT";" 15233 "
"NO";"NO";"*";"*";"CERRADO";"PROVISORIO";4;"T23";80;"ATENCION RECLAMO EN RED BT";" 15233 "
"NO";"NO";"*";"*";"CERRADO";"PROVISORIO";5;"T06";85;"ATENCION RECLAMO EN RED BT";" 15233 "
"NO";"NO";"*";"*";"CERRADO";"PROVISORIO";4;"C26";3;"ATENCION RECLAMO EN RED BT";" 15233 "
"NO";"NO";"*";"*";"CERRADO";"PROVISORIO";1;"S03";61;"ATENCION RECLAMO EN RED BT";" 15233 "
"NO";"NO";"*";"*";"CERRADO";"PROVISORIO";1;"S03";29;"ATENCION RECLAMO EN RED BT";" 15233 "
"NO";"NO";"*";"*";"CERRADO";"PROVISORIO";3;"P28";78;"ATENCION RECLAMO EN RED BT";" 15233 "
"NO";"NO";"*";"*";"CERRADO";"PROVISORIO";1;"P16";48;"ATENCION RECLAMO EN RED BT";" 15233 "
"NO";"NO";"*";"*";"CERRADO";"PROVISORIO";1;"T20";32;"ATENCION RECLAMO EN RED BT";" 15233 "
"NO";"NO";"*";"*";"CERRADO";"PROVISORIO";4;"P03";43;"ATENCION RECLAMO EN RED BT";" 15233 "
"NO";"NO";"*";"*";"CERRADO";"TERMINADO";5;"S03";89;"ATENCION RECLAMO EN RED BT";" 15233 "
"NO";"NO";"*";"*";"CERRADO";"PROVISORIO";5;"C10";85;"ATENCION RECLAMO EN RED BT";" 15233 "
"NO";"NO";"*";"*";"CERRADO";"PROVISORIO";3;"P16";65;"ATENCION RECLAMO EN RED BT";" 15233 "
"NO";"NO";"*";"*";"CERRADO";"PROVISORIO";4;"P16";78;"ATENCION RECLAMO EN RED BT";" 15233 "
"NO";"NO";"*";"*";"CERRADO";"PROVISORIO";5;"M02";69;"ATENCION RECLAMO EN RED BT";" 15233 "
"NO";"NO";"*";"*";"CERRADO";"PROVISORIO";5;"C09";41;"ATENCION RECLAMO EN RED BT";" 15233 "
"NO";"NO";"*";"*";"CERRADO";"PROVISORIO";5;"C01";40;"ATENCION RECLAMO EN RED BT";" 15233 "
"NO";"NO";"*";"*";"CERRADO";"PROVISORIO";1;"T12";69;"ATENCION RECLAMO EN RED BT";" 15233 "
"NO";"NO";"*";"*";"CERRADO";"PROVISORIO";4;"C46";40;"ATENCION RECLAMO EN RED BT";" 15233 "
"NO";"NO";"*";"*";"CERRADO";"PROVISORIO";1;"T16";66;"ATENCION RECLAMO EN RED BT";" 15233 "
"NO";"NO";"*";"*";"CERRADO";"PROVISORIO";4;"L02";16;"ATENCION RECLAMO EN RED BT";" 15233 "
"NO";"NO";"*";"*";"CERRADO";"PROVISORIO";5;"S03";89;"ATENCION RECLAMO EN RED BT PROVISORIO";" 11424 "
"NO";"NO";"*";"*";"CERRADO";"PROVISORIO";4;"T10";54;"ATENCION RECLAMO EN RED BT PROVISORIO";" 11424 "
"NO";"NO";"*";"*";"CERRADO";"PROVISORIO";4;"L02";69;"ATENCION RECLAMO EN RED BT PROVISORIO";" 11424 "
"NO";"NO";"*";"*";"CERRADO";"PROVISORIO";3;"T20";85;"ATENCION RECLAMO EN RED BT PROVISORIO";" 11424 "
"NO";"NO";"*";"*";"CERRADO";"PROVISORIO";4;"P16";58;"ATENCION RECLAMO EN RED BT PROVISORIO";" 11424 "
"NO";"NO";"*";"*";"CERRADO";"PROVISORIO";4;"L02";16;"ATENCION RECLAMO EN RED BT PROVISORIO";" 11424 "
"NO";"NO";"*";"*";"CERRADO";"PROVISORIO";5;"C10";54;"ATENCION RECLAMO EN RED BT PROVISORIO";" 11424 "
"NO";"NO";"*";"*";"CERRADO";"PROVISORIO";3;"P28";66;"ATENCION RECLAMO EN RED BT PROVISORIO";" 11424 "
"NO";"NO";"*";"*";"CERRADO";"PROVISORIO";5;"C01";40;"ATENCION RECLAMO EN RED BT PROVISORIO";" 11424 "
"NO";"NO";"*";"*";"CERRADO";"PROVISORIO";5;"S03";8;"ATENCION RECLAMO EN RED BT PROVISORIO";" 11424 "
"NO";"NO";"*";"*";"CERRADO";"PROVISORIO";4;"L02";12;"ATENCION RECLAMO EN RED BT PROVISORIO";" 11424 "
"NO";"NO";"*";"*";"CERRADO";"PROVISORIO";1;"P16";80;"ATENCION RECLAMO EN RED BT PROVISORIO";" 11424 "
"NO";"NO";"*";"*";"CERRADO";"PROVISORIO";3;"P29";82;"ATENCION RECLAMO EN RED BT PROVISORIO";" 11424 "
"NO";"NO";"*";"*";"CERRADO";"PROVISORIO";3;"C20";54;"ATENCION RECLAMO EN RED BT PROVISORIO";" 11424 "
"NO";"NO";"*";"*";"CERRADO";"PROVISORIO";2;"C01";69;"ATENCION RECLAMO EN RED BT PROVISORIO";" 11424 "
"NO";"NO";"*";"*";"CERRADO";"PROVISORIO";3;"P29";66;"ATENCION RECLAMO EN RED BT PROVISORIO";" 11424 "
"NO";"NO";"*";"*";"CERRADO";"PROVISORIO";4;"T23";80;"ATENCION RECLAMO EN RED BT PROVISORIO";" 11424 "
"NO";"NO";"*";"*";"CERRADO";"PROVISORIO";4;"P16";80;"ATENCION RECLAMO EN RED BT PROVISORIO";" 11424 "
"NO";"NO";"*";"*";"CERRADO";"PROVISORIO";5;"M02";66;"ATENCION RECLAMO EN RED BT PROVISORIO";" 11424 "
"NO";"NO";"*";"*";"CERRADO";"PROVISORIO";4;"L02";26;"ATENCION RECLAMO EN RED BT PROVISORIO";" 11424 "
"NO";"NO";"*";"*";"CERRADO";"PROVISORIO";4;"L02";78;"ATENCION RECLAMO EN RED BT PROVISORIO";" 11424 "
"NO";"NO";"*";"*";"CERRADO";"PROVISORIO";4;"P16";32;"ATENCION RECLAMO EN RED BT PROVISORIO";" 11424 "
"NO";"NO";"*";"*";"CERRADO";"PROVISORIO";4;"L02";66;"ATENCION RECLAMO EN RED BT PROVISORIO";" 11424 "
"NO";"NO";"*";"*";"CERRADO";"PROVISORIO";4;"T10";69;"ATENCION RECLAMO EN RED BT PROVISORIO";" 11424 "
"NO";"NO";"*";"*";"CERRADO";"PROVISORIO";5;"S03";78;"ATENCION RECLAMO EN RED BT PROVISORIO";" 11424 "
"NO";"NO";"*";"*";"CERRADO";"PROVISORIO";1;"P16";70;"ATENCION RECLAMO EN RED BT PROVISORIO";" 11424 "
"NO";"NO";"*";"*";"CERRADO";"PROVISORIO";4;"L08";17;"ATENCION RECLAMO EN RED BT PROVISORIO";" 11424 "
"NO";"NO";"*";"*";"CERRADO";"PROVISORIO";4;"C46";40;"ATENCION RECLAMO EN RED BT PROVISORIO";" 11424 "
"NO";"NO";"*";"*";"CERRADO";"PROVISORIO";1;"P16";24;"ATENCION RECLAMO EN RED BT PROVISORIO";" 11424 "
"NO";"NO";"*";"*";"CERRADO";"PROVISORIO";1;"L02";12;"ATENCION RECLAMO EN RED BT PROVISORIO";" 11424 "
"NO";"NO";"*";"*";"CERRADO";"PROVISORIO";5;"B23";41;"ATENCION RECLAMO EN RED BT PROVISORIO";" 11424 "
"NO";"NO";"*";"*";"CERRADO";"PROVISORIO";4;"L08";66;"ATENCION RECLAMO EN RED BT PROVISORIO";" 11424 "
"NO";"NO";"*";"*";"CERRADO";"PROVISORIO";5;"C10";27;"ATENCION RECLAMO EN RED BT PROVISORIO";" 11424 "
"NO";"NO";"*";"*";"CERRADO";"PROVISORIO";4;"C39";66;"ATENCION RECLAMO EN RED BT PROVISORIO";" 11424 "
"NO";"NO";"*";"*";"CERRADO";"PROVISORIO";5;"C10";69;"ATENCION RECLAMO EN RED BT PROVISORIO";" 11424 "
"NO";"NO";"*";"*";"CERRADO";"PROVISORIO";4;"P16";96;"ATENCION RECLAMO EN RED BT PROVISORIO";" 11424 "
"NO";"NO";"*";"*";"CERRADO";"PROVISORIO";1;"L02";78;"ATENCION RECLAMO EN RED BT PROVISORIO";" 11424 "
"NO";"NO";"*";"*";"CERRADO";"PROVISORIO";4;"S03";8;"ATENCION RECLAMO EN RED BT PROVISORIO";" 11424 "
"NO";"NO";"*";"*";"CERRADO";"PROVISORIO";4;"S03";85;"ATENCION RECLAMO EN RED BT PROVISORIO";" 11424 "
"NO";"NO";"*";"*";"CERRADO";"PROVISORIO";4;"C26";12;"ATENCION RECLAMO EN RED BT PROVISORIO";" 11424 "
"NO";"NO";"*";"*";"CERRADO";"PROVISORIO";5;"C10";71;"ATENCION RECLAMO EN RED BT PROVISORIO";" 11424 "
"NO";"NO";"*";"*";"CERRADO";"PROVISORIO";1;"P16";11;"ATENCION RECLAMO EN RED BT PROVISORIO";" 11424 "
"NO";"NO";"*";"*";"CERRADO";"PROVISORIO";1;"T10";71;"ATENCION RECLAMO EN RED BT PROVISORIO";" 11424 "
"NO";"NO";"*";"*";"CERRADO";"PROVISORIO";3;"T20";69;"ATENCION RECLAMO EN RED BT PROVISORIO";" 11424 "
"NO";"NO";"*";"*";"CERRADO";"PROVISORIO";5;"C09";51;"ATENCION RECLAMO EN RED BT PROVISORIO";" 11424 "
"NO";"NO";"*";"*";"CERRADO";"PROVISORIO";3;"C15";43;"ATENCION RECLAMO EN RED BT PROVISORIO";" 11424 "
"NO";"NO";"*";"*";"CERRADO";"PROVISORIO";3;"P29";40;"ATENCION RECLAMO EN RED BT PROVISORIO";" 11424 "
"NO";"NO";"*";"*";"CERRADO";"PROVISORIO";4;"P16";54;"ATENCION RECLAMO EN RED BT PROVISORIO";" 11424 "
"NO";"NO";"*";"*";"CERRADO";"PROVISORIO";4;"T10";85;"ATENCION RECLAMO EN RED BT PROVISORIO";" 11424 "
"NO";"NO";"*";"*";"CERRADO";"PROVISORIO";3;"P24";66;"ATENCION RECLAMO EN RED BT PROVISORIO";" 11424 "
"NO";"NO";"*";"*";"CERRADO";"PROVISORIO";8;"C13";69;"ATENCION RECLAMO DOMICILIO PROVISORIO";" 9792 "
"NO";"NO";"*";"*";"CERRADO";"PROVISORIO";6;"P25";66;"ATENCION RECLAMO DOMICILIO PROVISORIO";" 9792 "
"NO";"NO";"*";"*";"CERRADO";"PROVISORIO";4;"S03";66;"ATENCION RECLAMO DOMICILIO PROVISORIO";" 9792 "
"NO";"NO";"*";"*";"CERRADO";"PROVISORIO";8;"L09";6;"ATENCION RECLAMO DOMICILIO PROVISORIO";" 9792 "
"NO";"NO";"*";"*";"CERRADO";"PROVISORIO";3;"T12";40;"ATENCION RECLAMO DOMICILIO PROVISORIO";" 9792 "
"NO";"NO";"*";"*";"CERRADO";"PROVISORIO";6;"P16";78;"ATENCION RECLAMO DOMICILIO PROVISORIO";" 9792 "
"NO";"NO";"*";"*";"CERRADO";"PROVISORIO";4;"L02";78;"ATENCION RECLAMO DOMICILIO PROVISORIO";" 9792 "
"NO";"NO";"*";"*";"CERRADO";"PROVISORIO";5;"T26";27;"ATENCION RECLAMO DOMICILIO PROVISORIO";" 9792 "
"NO";"NO";"*";"*";"CERRADO";"PROVISORIO";3;"P29";66;"ATENCION RECLAMO DOMICILIO PROVISORIO";" 9792 "
"NO";"NO";"*";"*";"CERRADO";"PROVISORIO";1;"P16";80;"ATENCION RECLAMO DOMICILIO PROVISORIO";" 9792 "
"NO";"NO";"*";"*";"CERRADO";"PROVISORIO";4;"S03";12;"ATENCION RECLAMO DOMICILIO PROVISORIO";" 9792 "
"NO";"NO";"*";"*";"CERRADO";"PROVISORIO";3;"P29";82;"ATENCION RECLAMO DOMICILIO PROVISORIO";" 9792 "
"NO";"NO";"*";"*";"CERRADO";"PROVISORIO";6;"A01";26;"ATENCION RECLAMO DOMICILIO PROVISORIO";" 9792 "
"NO";"NO";"*";"*";"CERRADO";"PROVISORIO";4;"L02";12;"ATENCION RECLAMO DOMICILIO PROVISORIO";" 9792 "
"NO";"NO";"*";"*";"CERRADO";"PROVISORIO";4;"P16";78;"ATENCION RECLAMO DOMICILIO PROVISORIO";" 9792 "
"NO";"NO";"*";"*";"CERRADO";"PROVISORIO";4;"C05";43;"ATENCION RECLAMO DOMICILIO PROVISORIO";" 9792 "
"NO";"NO";"*";"*";"CERRADO";"PROVISORIO";8;"P21";3;"ATENCION RECLAMO DOMICILIO PROVISORIO";" 9792 "
"NO";"NO";"*";"*";"CERRADO";"PROVISORIO";4;"T21";21;"ATENCION RECLAMO DOMICILIO PROVISORIO";" 9792 "
"NO";"NO";"*";"*";"CERRADO";"PROVISORIO";1;"P16";11;"ATENCION RECLAMO DOMICILIO PROVISORIO";" 9792 "
"NO";"NO";"*";"*";"CERRADO";"PROVISORIO";4;"T17";82;"ATENCION RECLAMO DOMICILIO PROVISORIO";" 9792 "
"NO";"NO";"*";"*";"CERRADO";"PROVISORIO";5;"C46";40;"ATENCION RECLAMO DOMICILIO PROVISORIO";" 9792 "
"NO";"NO";"*";"*";"CERRADO";"PROVISORIO";1;"P04";66;"ATENCION RECLAMO DOMICILIO PROVISORIO";" 9792 "
"NO";"NO";"*";"*";"CERRADO";"PROVISORIO";4;"L02";3;"ATENCION RECLAMO DOMICILIO PROVISORIO";" 9792 "
"NO";"NO";"*";"*";"CERRADO";"PROVISORIO";4;"S03";78;"ATENCION RECLAMO DOMICILIO PROVISORIO";" 9792 "
"NO";"NO";"*";"*";"CERRADO";"PROVISORIO";1;"S03";89;"ATENCION RECLAMO DOMICILIO PROVISORIO";" 9792 "
"NO";"NO";"*";"*";"CERRADO";"PROVISORIO";3;"P28";66;"ATENCION RECLAMO DOMICILIO PROVISORIO";" 9792 "
"NO";"NO";"*";"*";"CERRADO";"PROVISORIO";8;"L02";3;"ATENCION RECLAMO DOMICILIO PROVISORIO";" 9792 "
"NO";"NO";"*";"*";"CERRADO";"PROVISORIO";4;"L02";16;"ATENCION RECLAMO DOMICILIO PROVISORIO";" 9792 "
"NO";"NO";"*";"*";"CERRADO";"PROVISORIO";4;"S03";8;"ATENCION RECLAMO DOMICILIO PROVISORIO";" 9792 "
"NO";"NO";"*";"*";"CERRADO";"PROVISORIO";1;"C40";24;"ATENCION RECLAMO DOMICILIO PROVISORIO";" 9792 "
"NO";"NO";"*";"*";"CERRADO";"PROVISORIO";1;"L02";78;"ATENCION RECLAMO DOMICILIO PROVISORIO";" 9792 "
"NO";"NO";"*";"*";"CERRADO";"PROVISORIO";1;"P16";35;"ATENCION RECLAMO DOMICILIO PROVISORIO";" 9792 "
"NO";"NO";"*";"*";"CERRADO";"PROVISORIO";4;"P16";91;"ATENCION RECLAMO DOMICILIO PROVISORIO";" 9792 "
"NO";"NO";"*";"*";"CERRADO";"PROVISORIO";1;"P16";70;"ATENCION RECLAMO DOMICILIO PROVISORIO";" 9792 "
"NO";"NO";"*";"*";"CERRADO";"PROVISORIO";4;"L02";66;"ATENCION RECLAMO DOMICILIO PROVISORIO";" 9792 "
"NO";"NO";"*";"*";"CERRADO";"PROVISORIO";3;"P24";66;"ATENCION RECLAMO DOMICILIO PROVISORIO";" 9792 "
"NO";"NO";"*";"*";"CERRADO";"PROVISORIO";4;"P16";70;"ATENCION RECLAMO DOMICILIO PROVISORIO";" 9792 "
"NO";"NO";"*";"*";"CERRADO";"PROVISORIO";6;"R04";66;"ATENCION RECLAMO DOMICILIO PROVISORIO";" 9792 "
"NO";"NO";"*";"*";"CERRADO";"PROVISORIO";1;"L02";12;"ATENCION RECLAMO DOMICILIO PROVISORIO";" 9792 "
"NO";"NO";"*";"*";"CERRADO";"PROVISORIO";5;"C46";16;"ATENCION RECLAMO DOMICILIO PROVISORIO";" 9792 "
"NO";"NO";"*";"*";"CERRADO";"PROVISORIO";4;"P16";35;"ATENCION RECLAMO DOMICILIO PROVISORIO";" 9792 "
"NO";"NO";"*";"*";"CERRADO";"PROVISORIO";6;"E03";25;"ATENCION RECLAMO DOMICILIO PROVISORIO";" 9792 "
"NO";"NO";"*";"*";"CERRADO";"PROVISORIO";4;"L02";21;"ATENCION RECLAMO DOMICILIO PROVISORIO";" 9792 "
"NO";"NO";"*";"*";"CERRADO";"PROVISORIO";4;"L07";66;"ATENCION RECLAMO DOMICILIO PROVISORIO";" 9792 "
"NO";"NO";"*";"*";"CERRADO";"PROVISORIO";6;"D02";89;"ATENCION RECLAMO DOMICILIO PROVISORIO";" 9792 "
"NO";"NO";"*";"*";"CERRADO";"PROVISORIO";1;"B07";69;"ATENCION RECLAMO DOMICILIO PROVISORIO";" 9792 "
"NO";"NO";"*";"*";"CERRADO";"PROVISORIO";6;"M01";5;"ATENCION RECLAMO DOMICILIO PROVISORIO";" 9792 "
"NO";"NO";"*";"*";"CERRADO";"PROVISORIO";4;"F01";66;"ATENCION RECLAMO DOMICILIO PROVISORIO";" 9792 "
"NO";"NO";"*";"*";"CERRADO";"PROVISORIO";8;"L02";78;"ATENCION RECLAMO DOMICILIO PROVISORIO";" 9792 "
"NO";"NO";"*";"*";"CERRADO";"PROVISORIO";5;"B23";54;"ATENCION RECLAMO DOMICILIO PROVISORIO";" 9792 "
"NO";"NO";"*";"*";"CERRADO";"PROVISORIO";6;"D02";45;"ATENCION RECLAMO DOMICILIO PROVISORIO";" 9792 "
"NO";"NO";"*";"*";"CERRADO";"PROVISORIO";4;"C20";66;"ATENCION RECLAMO DOMICILIO PROVISORIO";" 9792 "
"NO";"NO";"*";"*";"CERRADO";"PROVISORIO";5;"C09";51;"ATENCION RECLAMO DOMICILIO PROVISORIO";" 9792 "
"NO";"NO";"*";"*";"CERRADO";"PROVISORIO";1;"T20";61;"ATENCION RECLAMO DOMICILIO PROVISORIO";" 9792 "
"NO";"NO";"*";"*";"CERRADO";"PROVISORIO";1;"L02";69;"ATENCION RECLAMO DOMICILIO PROVISORIO";" 9792 "
"NO";"NO";"*";"*";"CERRADO";"PROVISORIO";6;"C30";66;"ATENCION RECLAMO DOMICILIO PROVISORIO";" 9792 "
"NO";"NO";"*";"*";"CERRADO";"PROVISORIO";4;"L08";26;"ATENCION RECLAMO DOMICILIO PROVISORIO";" 9792 "
"NO";"NO";"*";"*";"CERRADO";"PROVISORIO";3;"T20";13;"ATENCION RECLAMO DOMICILIO PROVISORIO";" 9792 "
"NO";"NO";"*";"*";"CERRADO";"PROVISORIO";6;"C07";66;"ATENCION RECLAMO DOMICILIO PROVISORIO";" 9792 "
"NO";"NO";"*";"*";"CERRADO";"PROVISORIO";6;"M01";66;"ATENCION RECLAMO DOMICILIO PROVISORIO";" 9792 "
"NO";"NO";"*";"*";"CERRADO";"PROVISORIO";7;"L12";78;"ATENCION RECLAMO DOMICILIO PROVISORIO";" 9792 "
"NO";"NO";"*";"*";"CERRADO";"PROVISORIO";7;"C07";54;"ATENCION RECLAMO DOMICILIO PROVISORIO";" 9792 "
"NO";"NO";"*";"*";"CERRADO";"PROVISORIO";1;"P16";91;"ATENCION RECLAMO DOMICILIO PROVISORIO";" 9792 "
"NO";"NO";"*";"*";"CERRADO";"PROVISORIO";5;"C10";85;"ATENCION RECLAMO DOMICILIO PROVISORIO";" 9792 "
"NO";"NO";"*";"*";"CERRADO";"PROVISORIO";5;"C01";69;"ATENCION RECLAMO DOMICILIO PROVISORIO";" 9792 "
"NO";"NO";"*";"*";"CERRADO";"PROVISORIO";4;"T23";80;"ATENCION RECLAMO DOMICILIO PROVISORIO";" 9792 "
"NO";"NO";"*";"*";"CERRADO";"PROVISORIO";6;"C07";54;"ATENCION RECLAMO DOMICILIO PROVISORIO";" 9792 "
"NO";"NO";"*";"*";"CERRADO";"PROVISORIO";4;"P16";58;"ATENCION RECLAMO DOMICILIO PROVISORIO";" 9792 "
"NO";"NO";"*";"*";"CERRADO";"PROVISORIO";1;"S03";78;"ATENCION RECLAMO DOMICILIO PROVISORIO";" 9792 "
"NO";"NO";"*";"*";"CERRADO";"PROVISORIO";4;"P16";11;"ATENCION RECLAMO DOMICILIO PROVISORIO";" 9792 "
"NO";"NO";"*";"*";"CERRADO";"PROVISORIO";5;"C10";71;"ATENCION RECLAMO DOMICILIO PROVISORIO";" 9792 "
"NO";"NO";"*";"*";"CERRADO";"PROVISORIO";5;"S03";69;"ATENCION RECLAMO DOMICILIO PROVISORIO";" 9792 "
"NO";"NO";"*";"*";"CERRADO";"PROVISORIO";6;"B01";66;"ATENCION RECLAMO DOMICILIO PROVISORIO";" 9792 "
"NO";"NO";"*";"*";"CERRADO";"PROVISORIO";4;"T10";78;"ATENCION RECLAMO DOMICILIO PROVISORIO";" 9792 "
"NO";"NO";"*";"*";"CERRADO";"PROVISORIO";5;"C10";69;"ATENCION RECLAMO DOMICILIO PROVISORIO";" 9792 "
"SI";"SI";"*";"*";"CERRADO";"PROVISORIO";7;"I01";0;"VISITA SIN ACTUACION (FALSA ALARMA)";" 7616 "
"SI";"SI";"*";"*";"CERRADO";"PROVISORIO";1;"L02";37;"VISITA SIN ACTUACION (FALSA ALARMA)";" 7616 "
"SI";"SI";"*";"*";"CERRADO";"PROVISORIO";4;"S03";37;"VISITA SIN ACTUACION (FALSA ALARMA)";" 7616 "
"SI";"SI";"*";"*";"CERRADO";"PROVISORIO";6;"D02";93;"VISITA SIN ACTUACION (FALSA ALARMA)";" 7616 "
"NO";"NO";"*";"*";"CERRADO";"PROVISORIO";6;"C30";43;"ATENCION RECLAMO DOMICILIO PROVISORIO";" 9792 "
"NO";"NO";"*";"*";"CERRADO";"PROVISORIO";6;"C07";69;"ATENCION RECLAMO DOMICILIO PROVISORIO";" 9792 "
"NO";"NO";"*";"*";"CERRADO";"PROVISORIO";6;"A02";25;"ATENCION RECLAMO DOMICILIO PROVISORIO";" 9792 "
"NO";"NO";"*";"*";"CERRADO";"PROVISORIO";6;"B01";50;"ATENCION RECLAMO DOMICILIO PROVISORIO";" 9792 "
"NO";"NO";"*";"*";"CERRADO";"PROVISORIO";6;"P26";43;"ATENCION RECLAMO DOMICILIO PROVISORIO";" 9792 "
"NO";"NO";"*";"*";"CERRADO";"PROVISORIO";6;"P25";43;"ATENCION RECLAMO DOMICILIO PROVISORIO";" 9792 "
"NO";"NO";"*";"*";"CERRADO";"PROVISORIO";6;"A02";26;"ATENCION RECLAMO DOMICILIO PROVISORIO";" 9792 "
"NO";"NO";"*";"*";"CERRADO";"PROVISORIO";8;"L09";25;"ATENCION RECLAMO DOMICILIO PROVISORIO";" 9792 "
"NO";"NO";"*";"*";"CERRADO";"PROVISORIO";7;"D02";31;"ATENCION RECLAMO DOMICILIO PROVISORIO";" 9792 "
"NO";"NO";"*";"*";"CERRADO";"PROVISORIO";7;"P26";64;"ATENCION RECLAMO DOMICILIO PROVISORIO";" 9792 "
"NO";"NO";"*";"*";"CERRADO";"PROVISORIO";6;"P25";69;"ATENCION RECLAMO DOMICILIO PROVISORIO";" 9792 "
"NO";"NO";"*";"*";"CERRADO";"PROVISORIO";6;"A02";54;"ATENCION RECLAMO DOMICILIO PROVISORIO";" 9792 "
"NO";"NO";"*";"*";"CERRADO";"PROVISORIO";8;"M01";81;"ATENCION RECLAMO DOMICILIO PROVISORIO";" 9792 "
"NO";"NO";"*";"*";"CERRADO";"PROVISORIO";6;"M01";25;"ATENCION RECLAMO DOMICILIO PROVISORIO";" 9792 "
"NO";"NO";"*";"*";"CERRADO";"PROVISORIO";8;"A02";98;"ATENCION RECLAMO DOMICILIO PROVISORIO";" 9792 "
"NO";"NO";"*";"*";"CERRADO";"PROVISORIO";7;"B08";43;"ATENCION RECLAMO DOMICILIO PROVISORIO";" 9792 "
"NO";"NO";"*";"*";"CERRADO";"PROVISORIO";6;"B01";17;"ATENCION RECLAMO DOMICILIO PROVISORIO";" 9792 "
"NO";"NO";"*";"*";"CERRADO";"PROVISORIO";6;"B08";43;"ATENCION RECLAMO DOMICILIO PROVISORIO";" 9792 "
"NO";"NO";"*";"*";"CERRADO";"PROVISORIO";6;"B08";40;"ATENCION RECLAMO DOMICILIO PROVISORIO";" 9792 "
"NO";"NO";"*";"*";"CERRADO";"PROVISORIO";6;"P41";54;"ATENCION RECLAMO DOMICILIO PROVISORIO";" 9792 "
"NO";"NO";"*";"*";"CERRADO";"PROVISORIO";7;"T04";27;"ATENCION RECLAMO DOMICILIO PROVISORIO";" 9792 "
"NO";"NO";"*";"*";"CERRADO";"PROVISORIO";8;"P22";11;"ATENCION RECLAMO DOMICILIO PROVISORIO";" 9792 "
"NO";"NO";"*";"*";"CERRADO";"PROVISORIO";7;"C02";23;"ATENCION RECLAMO DOMICILIO PROVISORIO";" 9792 "
"NO";"NO";"*";"*";"CERRADO";"PROVISORIO";8;"P22";31;"ATENCION RECLAMO DOMICILIO PROVISORIO";" 9792 "
"NO";"NO";"*";"*";"CERRADO";"PROVISORIO";7;"I01";97;"ATENCION RECLAMO DOMICILIO PROVISORIO";" 9792 "
"NO";"NO";"*";"*";"CERRADO";"PROVISORIO";6;"A01";60;"ATENCION RECLAMO DOMICILIO PROVISORIO";" 9792 "
"NO";"NO";"*";"*";"CERRADO";"PROVISORIO";6;"M01";27;"ATENCION RECLAMO DOMICILIO PROVISORIO";" 9792 "
"NO";"NO";"*";"*";"CERRADO";"PROVISORIO";4;"L07";16;"ATENCION RECLAMO EN RED BT";" 15233 "
"NO";"NO";"*";"*";"CERRADO";"PROVISORIO";5;"F03";16;"ATENCION RECLAMO EN RED BT";" 15233 "
"NO";"NO";"*";"*";"CERRADO";"PROVISORIO";5;"M02";5;"ATENCION RECLAMO EN RED BT";" 15233 "
"NO";"NO";"*";"*";"CERRADO";"PROVISORIO";1;"P16";11;"ATENCION RECLAMO EN RED BT";" 15233 "
"NO";"NO";"*";"*";"CERRADO";"PROVISORIO";4;"T23";27;"ATENCION RECLAMO EN RED BT";" 15233 "
"NO";"NO";"*";"*";"CERRADO";"PROVISORIO";3;"T20";40;"ATENCION RECLAMO EN RED BT";" 15233 "
"NO";"NO";"*";"*";"CERRADO";"PROVISORIO";4;"L02";17;"ATENCION RECLAMO EN RED BT";" 15233 "
"NO";"NO";"*";"*";"CERRADO";"PROVISORIO";4;"C26";16;"ATENCION RECLAMO EN RED BT";" 15233 "
"NO";"NO";"*";"*";"CERRADO";"PROVISORIO";4;"P16";80;"ATENCION RECLAMO EN RED BT";" 15233 "
"NO";"NO";"*";"*";"CERRADO";"PROVISORIO";5;"T23";80;"ATENCION RECLAMO EN RED BT";" 15233 "
"NO";"NO";"*";"*";"CERRADO";"PROVISORIO";4;"L02";21;"ATENCION RECLAMO EN RED BT";" 15233 "
"NO";"NO";"*";"*";"CERRADO";"PROVISORIO";4;"P16";85;"ATENCION RECLAMO EN RED BT";" 15233 "
"NO";"NO";"*";"*";"CERRADO";"PROVISORIO";4;"L07";17;"ATENCION RECLAMO EN RED BT";" 15233 "
"NO";"NO";"*";"*";"CERRADO";"PROVISORIO";4;"T10";24;"ATENCION RECLAMO EN RED BT";" 15233 "
"NO";"NO";"*";"*";"CERRADO";"PROVISORIO";1;"E05";40;"ATENCION RECLAMO EN RED BT";" 15233 "
"NO";"NO";"*";"*";"CERRADO";"PROVISORIO";4;"R04";43;"ATENCION RECLAMO EN RED BT";" 15233 "
"NO";"NO";"*";"*";"CERRADO";"TERMINADO";6;"P25";66;"ATENCION RECLAMO DOMICILIO";" 13056 "
"NO";"NO";"*";"*";"CERRADO";"TERMINADO";6;"C30";66;"ATENCION RECLAMO DOMICILIO";" 13056 "
"NO";"NO";"*";"*";"CERRADO";"TERMINADO";9;"L02";3;"ATENCION RECLAMO DOMICILIO";" 13056 "
"NO";"NO";"*";"*";"CERRADO";"TERMINADO";6;"F01";66;"ATENCION RECLAMO DOMICILIO";" 13056 "
"NO";"NO";"*";"*";"CERRADO";"TERMINADO";6;"D02";45;"ATENCION RECLAMO DOMICILIO";" 13056 "
"NO";"NO";"*";"*";"CERRADO";"TERMINADO";9;"L04";3;"ATENCION RECLAMO DOMICILIO";" 13056 "
"NO";"NO";"*";"*";"CERRADO";"TERMINADO";6;"E03";80;"ATENCION RECLAMO DOMICILIO";" 13056 "
"NO";"NO";"*";"*";"CERRADO";"TERMINADO";6;"D02";85;"ATENCION RECLAMO DOMICILIO";" 13056 "
"NO";"NO";"*";"*";"CERRADO";"TERMINADO";6;"A02";66;"ATENCION RECLAMO DOMICILIO";" 13056 "
"NO";"NO";"*";"*";"CERRADO";"TERMINADO";6;"A01";66;"ATENCION RECLAMO DOMICILIO";" 13056 "
"NO";"NO";"*";"*";"CERRADO";"TERMINADO";6;"A02";78;"ATENCION RECLAMO DOMICILIO";" 13056 "
"NO";"NO";"*";"*";"CERRADO";"TERMINADO";6;"P43";54;"ATENCION RECLAMO DOMICILIO";" 13056 "
"NO";"NO";"*";"*";"CERRADO";"TERMINADO";7;"D02";85;"ATENCION RECLAMO DOMICILIO";" 13056 "
"NO";"NO";"*";"*";"CERRADO";"TERMINADO";6;"N01";66;"ATENCION RECLAMO DOMICILIO";" 13056 "
"NO";"NO";"*";"*";"CERRADO";"TERMINADO";7;"P25";66;"ATENCION RECLAMO DOMICILIO";" 13056 "
"NO";"NO";"*";"*";"CERRADO";"TERMINADO";8;"F01";66;"ATENCION RECLAMO DOMICILIO";" 13056 "
"NO";"NO";"*";"*";"CERRADO";"TERMINADO";7;"U01";66;"ATENCION RECLAMO DOMICILIO";" 13056 "
"NO";"NO";"*";"*";"CERRADO";"TERMINADO";7;"F01";66;"ATENCION RECLAMO DOMICILIO";" 13056 "
"NO";"NO";"*";"*";"CERRADO";"TERMINADO";8;"L09";61;"ATENCION RECLAMO DOMICILIO";" 13056 "
"NO";"NO";"*";"*";"CERRADO";"TERMINADO";7;"P26";66;"ATENCION RECLAMO DOMICILIO";" 13056 "
"NO";"NO";"*";"*";"CERRADO";"TERMINADO";8;"L09";66;"ATENCION RECLAMO DOMICILIO";" 13056 "
"NO";"NO";"*";"*";"CERRADO";"TERMINADO";8;"L09";17;"ATENCION RECLAMO DOMICILIO";" 13056 "
"NO";"NO";"*";"*";"CERRADO";"TERMINADO";6;"D02";78;"ATENCION RECLAMO DOMICILIO";" 13056 "
"NO";"NO";"*";"*";"CERRADO";"TERMINADO";6;"U01";66;"ATENCION RECLAMO DOMICILIO";" 13056 "
"NO";"NO";"*";"*";"CERRADO";"TERMINADO";6;"F01";3;"ATENCION RECLAMO DOMICILIO";" 13056 "
"NO";"NO";"*";"*";"CERRADO";"TERMINADO";8;"L09";3;"ATENCION RECLAMO DOMICILIO";" 13056 "
"NO";"NO";"*";"*";"CERRADO";"TERMINADO";7;"T01";3;"ATENCION RECLAMO DOMICILIO";" 13056 "
"NO";"NO";"*";"*";"CERRADO";"TERMINADO";8;"P21";3;"ATENCION RECLAMO DOMICILIO";" 13056 "
"NO";"NO";"*";"*";"CERRADO";"TERMINADO";8;"L05";66;"ATENCION RECLAMO DOMICILIO";" 13056 "
"NO";"NO";"*";"*";"CERRADO";"TERMINADO";6;"B01";66;"ATENCION RECLAMO DOMICILIO";" 13056 "
"NO";"NO";"*";"*";"CERRADO";"TERMINADO";6;"A02";3;"ATENCION RECLAMO DOMICILIO";" 13056 "
"NO";"NO";"*";"*";"CERRADO";"TERMINADO";7;"D02";45;"ATENCION RECLAMO DOMICILIO";" 13056 "
"NO";"NO";"*";"*";"CERRADO";"TERMINADO";6;"D02";69;"ATENCION RECLAMO DOMICILIO";" 13056 "
"NO";"NO";"*";"*";"CERRADO";"TERMINADO";8;"P25";66;"ATENCION RECLAMO DOMICILIO";" 13056 "
"NO";"NO";"*";"*";"CERRADO";"TERMINADO";6;"A02";85;"ATENCION RECLAMO DOMICILIO";" 13056 "
"NO";"NO";"*";"*";"CERRADO";"TERMINADO";6;"P10";66;"ATENCION RECLAMO DOMICILIO";" 13056 "
"NO";"NO";"*";"*";"CERRADO";"TERMINADO";9;"L04";26;"ATENCION RECLAMO DOMICILIO";" 13056 "
"NO";"NO";"*";"*";"CERRADO";"TERMINADO";6;"B09";66;"ATENCION RECLAMO DOMICILIO";" 13056 "
"NO";"NO";"*";"*";"CERRADO";"TERMINADO";7;"I01";45;"ATENCION RECLAMO DOMICILIO";" 13056 "
"NO";"NO";"*";"*";"CERRADO";"TERMINADO";6;"I01";85;"ATENCION RECLAMO DOMICILIO";" 13056 "
"NO";"NO";"*";"*";"CERRADO";"TERMINADO";6;"P26";66;"ATENCION RECLAMO DOMICILIO";" 13056 "
"NO";"NO";"*";"*";"CERRADO";"TERMINADO";6;"P33";66;"ATENCION RECLAMO DOMICILIO";" 13056 "
"NO";"NO";"*";"*";"CERRADO";"TERMINADO";8;"L02";66;"ATENCION RECLAMO DOMICILIO";" 13056 "
"NO";"NO";"*";"*";"CERRADO";"TERMINADO";8;"P49";66;"ATENCION RECLAMO DOMICILIO";" 13056 "
"NO";"NO";"*";"*";"CERRADO";"TERMINADO";6;"T01";69;"ATENCION RECLAMO DOMICILIO";" 13056 "
"NO";"NO";"*";"*";"CERRADO";"TERMINADO";7;"M01";85;"ATENCION RECLAMO DOMICILIO";" 13056 "
"NO";"NO";"*";"*";"CERRADO";"TERMINADO";6;"L06";17;"ATENCION RECLAMO DOMICILIO";" 13056 "
"NO";"NO";"*";"*";"CERRADO";"TERMINADO";6;"P26";78;"ATENCION RECLAMO DOMICILIO";" 13056 "
"NO";"NO";"*";"*";"CERRADO";"TERMINADO";6;"C07";66;"ATENCION RECLAMO DOMICILIO";" 13056 "
"NO";"NO";"*";"*";"CERRADO";"TERMINADO";6;"C28";66;"ATENCION RECLAMO DOMICILIO";" 13056 "
"NO";"NO";"*";"*";"CERRADO";"TERMINADO";9;"L04";16;"ATENCION RECLAMO DOMICILIO";" 13056 "
"NO";"NO";"*";"*";"CERRADO";"TERMINADO";7;"T04";66;"ATENCION RECLAMO DOMICILIO";" 13056 "
"NO";"NO";"*";"*";"CERRADO";"TERMINADO";6;"A02";26;"ATENCION RECLAMO DOMICILIO";" 13056 "
"NO";"NO";"*";"*";"CERRADO";"TERMINADO";9;"L02";66;"ATENCION RECLAMO DOMICILIO";" 13056 "
"NO";"NO";"*";"*";"CERRADO";"TERMINADO";6;"T04";66;"ATENCION RECLAMO DOMICILIO";" 13056 "
"NO";"NO";"*";"*";"CERRADO";"TERMINADO";7;"C30";66;"ATENCION RECLAMO DOMICILIO";" 13056 "
"NO";"NO";"*";"*";"CERRADO";"TERMINADO";9;"L02";16;"ATENCION RECLAMO DOMICILIO";" 13056 "
"NO";"NO";"*";"*";"CERRADO";"TERMINADO";6;"P25";62;"ATENCION RECLAMO DOMICILIO";" 13056 "
"NO";"NO";"*";"*";"CERRADO";"TERMINADO";9;"L02";26;"ATENCION RECLAMO DOMICILIO";" 13056 "
"NO";"NO";"*";"*";"CERRADO";"TERMINADO";8;"P22";3;"ATENCION RECLAMO DOMICILIO";" 13056 "
"NO";"NO";"*";"*";"CERRADO";"TERMINADO";6;"E03";54;"ATENCION RECLAMO DOMICILIO";" 13056 "
"NO";"NO";"*";"*";"CERRADO";"TERMINADO";6;"A01";98;"ATENCION RECLAMO DOMICILIO";" 13056 "
"NO";"NO";"*";"*";"CERRADO";"TERMINADO";6;"P25";43;"ATENCION RECLAMO DOMICILIO";" 13056 "
"NO";"NO";"*";"*";"CERRADO";"TERMINADO";7;"D02";31;"ATENCION RECLAMO DOMICILIO";" 13056 "
"NO";"NO";"*";"*";"CERRADO";"TERMINADO";9;"P19";11;"ATENCION RECLAMO DOMICILIO";" 13056 "
"NO";"NO";"*";"*";"CERRADO";"TERMINADO";7;"D02";78;"ATENCION RECLAMO DOMICILIO";" 13056 "
"NO";"NO";"*";"*";"CERRADO";"TERMINADO";7;"P25";40;"ATENCION RECLAMO DOMICILIO";" 13056 "
"NO";"NO";"*";"*";"CERRADO";"TERMINADO";6;"D02";52;"ATENCION RECLAMO DOMICILIO";" 13056 "
"NO";"NO";"*";"*";"CERRADO";"TERMINADO";6;"U01";15;"ATENCION RECLAMO DOMICILIO";" 13056 "
"NO";"NO";"*";"*";"CERRADO";"TERMINADO";6;"A01";15;"ATENCION RECLAMO DOMICILIO";" 13056 "
"NO";"NO";"*";"*";"CERRADO";"TERMINADO";7;"E06";85;"ATENCION RECLAMO DOMICILIO";" 13056 "
"NO";"NO";"*";"*";"CERRADO";"TERMINADO";6;"P43";10;"ATENCION RECLAMO DOMICILIO";" 13056 "
"NO";"NO";"*";"*";"CERRADO";"TERMINADO";6;"F01";43;"ATENCION RECLAMO DOMICILIO";" 13056 "
"NO";"NO";"*";"*";"CERRADO";"TERMINADO";6;"P43";78;"ATENCION RECLAMO DOMICILIO";" 13056 "
"NO";"NO";"*";"*";"CERRADO";"TERMINADO";6;"L06";3;"ATENCION RECLAMO DOMICILIO";" 13056 "
"NO";"NO";"*";"*";"CERRADO";"TERMINADO";7;"I01";85;"ATENCION RECLAMO DOMICILIO";" 13056 "
"NO";"NO";"*";"*";"CERRADO";"TERMINADO";6;"E06";85;"ATENCION RECLAMO DOMICILIO";" 13056 "
"NO";"NO";"*";"*";"CERRADO";"TERMINADO";6;"M01";61;"ATENCION RECLAMO DOMICILIO";" 13056 "
"NO";"NO";"*";"*";"CERRADO";"TERMINADO";6;"A02";12;"ATENCION RECLAMO DOMICILIO";" 13056 "
"NO";"NO";"*";"*";"CERRADO";"TERMINADO";8;"L09";6;"ATENCION RECLAMO DOMICILIO";" 13056 "
"NO";"NO";"*";"*";"CERRADO";"TERMINADO";8;"S03";66;"ATENCION RECLAMO DOMICILIO";" 13056 "
"NO";"NO";"*";"*";"CERRADO";"TERMINADO";6;"A02";15;"ATENCION RECLAMO DOMICILIO";" 13056 "
"NO";"NO";"*";"*";"CERRADO";"TERMINADO";6;"B01";17;"ATENCION RECLAMO DOMICILIO";" 13056 "
"NO";"NO";"*";"*";"CERRADO";"TERMINADO";6;"A02";69;"ATENCION RECLAMO DOMICILIO";" 13056 "
"NO";"NO";"*";"*";"CERRADO";"TERMINADO";7;"M01";66;"ATENCION RECLAMO DOMICILIO";" 13056 "
"NO";"NO";"*";"*";"CERRADO";"TERMINADO";6;"C07";85;"ATENCION RECLAMO DOMICILIO";" 13056 "
"NO";"NO";"*";"*";"CERRADO";"TERMINADO";6;"M01";66;"ATENCION RECLAMO DOMICILIO";" 13056 "
"NO";"NO";"*";"*";"CERRADO";"TERMINADO";7;"P25";15;"ATENCION RECLAMO DOMICILIO";" 13056 "
"NO";"NO";"*";"*";"CERRADO";"TERMINADO";9;"L04";61;"ATENCION RECLAMO DOMICILIO";" 13056 "
"NO";"NO";"*";"*";"CERRADO";"TERMINADO";6;"P43";80;"ATENCION RECLAMO DOMICILIO";" 13056 "
"NO";"NO";"*";"*";"CERRADO";"TERMINADO";7;"I01";89;"ATENCION RECLAMO DOMICILIO";" 13056 "
"NO";"NO";"*";"*";"CERRADO";"TERMINADO";6;"A02";98;"ATENCION RECLAMO DOMICILIO";" 13056 "
"NO";"NO";"*";"*";"CERRADO";"TERMINADO";9;"P16";48;"ATENCION RECLAMO DOMICILIO";" 13056 "
"NO";"NO";"*";"*";"CERRADO";"TERMINADO";6;"T01";77;"ATENCION RECLAMO DOMICILIO";" 13056 "
"NO";"NO";"*";"*";"CERRADO";"TERMINADO";6;"A02";16;"ATENCION RECLAMO DOMICILIO";" 13056 "
"NO";"NO";"*";"*";"CERRADO";"TERMINADO";6;"P40";66;"ATENCION RECLAMO DOMICILIO";" 13056 "
"NO";"NO";"*";"*";"CERRADO";"TERMINADO";6;"A02";19;"ATENCION RECLAMO DOMICILIO";" 13056 "
"NO";"NO";"*";"*";"CERRADO";"TERMINADO";9;"L04";12;"ATENCION RECLAMO DOMICILIO";" 13056 "
"NO";"NO";"*";"*";"CERRADO";"TERMINADO";6;"C07";25;"ATENCION RECLAMO DOMICILIO";" 13056 "
"NO";"NO";"*";"*";"CERRADO";"TERMINADO";7;"P25";29;"ATENCION RECLAMO DOMICILIO";" 13056 "
"NO";"NO";"*";"*";"CERRADO";"TERMINADO";7;"N01";66;"ATENCION RECLAMO DOMICILIO";" 13056 "
"NO";"NO";"*";"*";"CERRADO";"TERMINADO";8;"L02";85;"ATENCION RECLAMO DOMICILIO";" 13056 "
"NO";"NO";"*";"*";"CERRADO";"TERMINADO";6;"R01";78;"ATENCION RECLAMO DOMICILIO";" 13056 "
"NO";"NO";"*";"*";"CERRADO";"TERMINADO";6;"P15";66;"ATENCION RECLAMO DOMICILIO";" 13056 "
"NO";"NO";"*";"*";"CERRADO";"TERMINADO";6;"P43";61;"ATENCION RECLAMO DOMICILIO";" 13056 "
"NO";"NO";"*";"*";"CERRADO";"TERMINADO";7;"T01";66;"ATENCION RECLAMO DOMICILIO";" 13056 "
"NO";"NO";"*";"*";"CERRADO";"TERMINADO";6;"D02";59;"ATENCION RECLAMO DOMICILIO";" 13056 "
"NO";"NO";"*";"*";"CERRADO";"TERMINADO";6;"A02";29;"ATENCION RECLAMO DOMICILIO";" 13056 "
"NO";"NO";"*";"*";"CERRADO";"TERMINADO";8;"C01";3;"ATENCION RECLAMO DOMICILIO";" 13056 "
"NO";"NO";"*";"*";"CERRADO";"TERMINADO";6;"P26";69;"ATENCION RECLAMO DOMICILIO";" 13056 "
"NO";"NO";"*";"*";"CERRADO";"TERMINADO";6;"A02";25;"ATENCION RECLAMO DOMICILIO";" 13056 "
"NO";"NO";"*";"*";"CERRADO";"TERMINADO";6;"P25";61;"ATENCION RECLAMO DOMICILIO";" 13056 "
"NO";"NO";"*";"*";"CERRADO";"TERMINADO";8;"P21";48;"ATENCION RECLAMO DOMICILIO";" 13056 "
"NO";"NO";"*";"*";"CERRADO";"TERMINADO";6;"M01";78;"ATENCION RECLAMO DOMICILIO";" 13056 "
"NO";"NO";"*";"*";"CERRADO";"TERMINADO";6;"T04";27;"ATENCION RECLAMO DOMICILIO";" 13056 "
"NO";"NO";"*";"*";"CERRADO";"TERMINADO";6;"C06";69;"ATENCION RECLAMO DOMICILIO";" 13056 "
"NO";"NO";"*";"*";"CERRADO";"TERMINADO";6;"E03";25;"ATENCION RECLAMO DOMICILIO";" 13056 "
"NO";"NO";"*";"*";"CERRADO";"TERMINADO";6;"C30";69;"ATENCION RECLAMO DOMICILIO";" 13056 "
"NO";"NO";"*";"*";"CERRADO";"TERMINADO";6;"A02";61;"ATENCION RECLAMO DOMICILIO";" 13056 "
"NO";"NO";"*";"*";"CERRADO";"TERMINADO";6;"T01";66;"ATENCION RECLAMO DOMICILIO";" 13056 "
"NO";"NO";"*";"*";"CERRADO";"TERMINADO";6;"T04";54;"ATENCION RECLAMO DOMICILIO";" 13056 "
"NO";"NO";"*";"*";"CERRADO";"TERMINADO";7;"C07";85;"ATENCION RECLAMO DOMICILIO";" 13056 "
"NO";"NO";"*";"*";"CERRADO";"TERMINADO";7;"C30";43;"ATENCION RECLAMO DOMICILIO";" 13056 "
"NO";"NO";"*";"*";"CERRADO";"TERMINADO";6;"C30";43;"ATENCION RECLAMO DOMICILIO";" 13056 "
"NO";"NO";"*";"*";"CERRADO";"TERMINADO";6;"P25";15;"ATENCION RECLAMO DOMICILIO";" 13056 "
"NO";"NO";"*";"*";"CERRADO";"TERMINADO";7;"P33";54;"ATENCION RECLAMO DOMICILIO";" 13056 "
"NO";"NO";"*";"*";"CERRADO";"TERMINADO";6;"A02";17;"ATENCION RECLAMO DOMICILIO";" 13056 "
"NO";"NO";"*";"*";"CERRADO";"TERMINADO";6;"R01";66;"ATENCION RECLAMO DOMICILIO";" 13056 "
"NO";"NO";"*";"*";"CERRADO";"TERMINADO";6;"M01";85;"ATENCION RECLAMO DOMICILIO";" 13056 "
"NO";"NO";"*";"*";"CERRADO";"TERMINADO";8;"L02";69;"ATENCION RECLAMO DOMICILIO";" 13056 "
"NO";"NO";"*";"*";"CERRADO";"TERMINADO";6;"A02";14;"ATENCION RECLAMO DOMICILIO";" 13056 "
"NO";"NO";"*";"*";"CERRADO";"TERMINADO";8;"L05";78;"ATENCION RECLAMO DOMICILIO";" 13056 "
"NO";"NO";"*";"*";"CERRADO";"TERMINADO";6;"U01";19;"ATENCION RECLAMO DOMICILIO";" 13056 "
"NO";"NO";"*";"*";"CERRADO";"TERMINADO";7;"P40";66;"ATENCION RECLAMO DOMICILIO";" 13056 "
"NO";"NO";"*";"*";"CERRADO";"TERMINADO";6;"P25";40;"ATENCION RECLAMO DOMICILIO";" 13056 "
"NO";"NO";"*";"*";"CERRADO";"TERMINADO";9;"L04";78;"ATENCION RECLAMO DOMICILIO";" 13056 "
"NO";"NO";"*";"*";"CERRADO";"TERMINADO";8;"C33";66;"ATENCION RECLAMO DOMICILIO";" 13056 "
"NO";"NO";"*";"*";"CERRADO";"TERMINADO";7;"D02";69;"ATENCION RECLAMO DOMICILIO";" 13056 "
"NO";"NO";"*";"*";"CERRADO";"TERMINADO";7;"C28";85;"ATENCION RECLAMO DOMICILIO";" 13056 "
"NO";"NO";"*";"*";"CERRADO";"TERMINADO";8;"L09";69;"ATENCION RECLAMO DOMICILIO";" 13056 "
"NO";"NO";"*";"*";"CERRADO";"TERMINADO";7;"P25";61;"ATENCION RECLAMO DOMICILIO";" 13056 "
"NO";"NO";"*";"*";"CERRADO";"TERMINADO";9;"P19";78;"ATENCION RECLAMO DOMICILIO";" 13056 "
"NO";"NO";"*";"*";"CERRADO";"TERMINADO";6;"P10";92;"ATENCION RECLAMO DOMICILIO";" 13056 "
"NO";"NO";"*";"*";"CERRADO";"TERMINADO";7;"P10";66;"ATENCION RECLAMO DOMICILIO";" 13056 "
"NO";"NO";"*";"*";"CERRADO";"TERMINADO";6;"T22";66;"ATENCION RECLAMO DOMICILIO";" 13056 "
"NO";"NO";"*";"*";"CERRADO";"TERMINADO";8;"L02";78;"ATENCION RECLAMO DOMICILIO";" 13056 "
"NO";"NO";"*";"*";"CERRADO";"TERMINADO";8;"L02";3;"ATENCION RECLAMO DOMICILIO";" 13056 "
"NO";"NO";"*";"*";"CERRADO";"TERMINADO";6;"I01";69;"ATENCION RECLAMO DOMICILIO";" 13056 "
"NO";"NO";"*";"*";"CERRADO";"TERMINADO";7;"P25";43;"ATENCION RECLAMO DOMICILIO";" 13056 "
"NO";"NO";"*";"*";"CERRADO";"TERMINADO";6;"A01";19;"ATENCION RECLAMO DOMICILIO";" 13056 "
"NO";"NO";"*";"*";"CERRADO";"TERMINADO";8;"L02";17;"ATENCION RECLAMO DOMICILIO";" 13056 "
"NO";"NO";"*";"*";"CERRADO";"TERMINADO";8;"L09";19;"ATENCION RECLAMO DOMICILIO";" 13056 "
"NO";"NO";"*";"*";"CERRADO";"TERMINADO";9;"L02";78;"ATENCION RECLAMO DOMICILIO";" 13056 "
"NO";"NO";"*";"*";"CERRADO";"TERMINADO";6;"P42";54;"ATENCION RECLAMO DOMICILIO";" 13056 "
"NO";"NO";"*";"*";"CERRADO";"TERMINADO";6;"B08";92;"ATENCION RECLAMO DOMICILIO";" 13056 "
"NO";"NO";"*";"*";"CERRADO";"TERMINADO";6;"T01";54;"ATENCION RECLAMO DOMICILIO";" 13056 "
"NO";"NO";"*";"*";"CERRADO";"TERMINADO";7;"I01";69;"ATENCION RECLAMO DOMICILIO";" 13056 "
"NO";"NO";"*";"*";"CERRADO";"TERMINADO";6;"M01";13;"ATENCION RECLAMO DOMICILIO";" 13056 "
"NO";"NO";"*";"*";"CERRADO";"TERMINADO";6;"U01";43;"ATENCION RECLAMO DOMICILIO";" 13056 "
"NO";"NO";"*";"*";"CERRADO";"TERMINADO";6;"R04";66;"ATENCION RECLAMO DOMICILIO";" 13056 "
"NO";"NO";"*";"*";"CERRADO";"TERMINADO";7;"C02";69;"ATENCION RECLAMO DOMICILIO";" 13056 "
"NO";"NO";"*";"*";"CERRADO";"TERMINADO";7;"C02";3;"ATENCION RECLAMO DOMICILIO";" 13056 "
"NO";"NO";"*";"*";"CERRADO";"TERMINADO";8;"A02";3;"ATENCION RECLAMO DOMICILIO";" 13056 "
"NO";"NO";"*";"*";"CERRADO";"TERMINADO";6;"A01";60;"ATENCION RECLAMO DOMICILIO";" 13056 "
"NO";"NO";"*";"*";"CERRADO";"TERMINADO";9;"L04";69;"ATENCION RECLAMO DOMICILIO";" 13056 "
"NO";"NO";"*";"*";"CERRADO";"TERMINADO";6;"B01";29;"ATENCION RECLAMO DOMICILIO";" 13056 "
"NO";"NO";"*";"*";"CERRADO";"TERMINADO";6;"P25";29;"ATENCION RECLAMO DOMICILIO";" 13056 "
"NO";"NO";"*";"*";"CERRADO";"TERMINADO";7;"L12";66;"ATENCION RECLAMO DOMICILIO";" 13056 "
"NO";"NO";"*";"*";"CERRADO";"TERMINADO";6;"A01";3;"ATENCION RECLAMO DOMICILIO";" 13056 "
"NO";"NO";"*";"*";"CERRADO";"TERMINADO";6;"P25";69;"ATENCION RECLAMO DOMICILIO";" 13056 "
"NO";"NO";"*";"*";"CERRADO";"TERMINADO";9;"P19";48;"ATENCION RECLAMO DOMICILIO";" 13056 "
"NO";"NO";"*";"*";"CERRADO";"TERMINADO";8;"C09";51;"ATENCION RECLAMO DOMICILIO";" 13056 "
"NO";"NO";"*";"*";"CERRADO";"TERMINADO";6;"M01";69;"ATENCION RECLAMO DOMICILIO";" 13056 "
"NO";"NO";"*";"*";"CERRADO";"TERMINADO";6;"C30";19;"ATENCION RECLAMO DOMICILIO";" 13056 "
"NO";"NO";"*";"*";"CERRADO";"TERMINADO";7;"U01";43;"ATENCION RECLAMO DOMICILIO";" 13056 "
"NO";"NO";"*";"*";"CERRADO";"TERMINADO";8;"C41";66;"ATENCION RECLAMO DOMICILIO";" 13056 "
"NO";"NO";"*";"*";"CERRADO";"TERMINADO";7;"D02";59;"ATENCION RECLAMO DOMICILIO";" 13056 "
"NO";"NO";"*";"*";"CERRADO";"TERMINADO";6;"T04";5;"ATENCION RECLAMO DOMICILIO";" 13056 "
"NO";"NO";"*";"*";"CERRADO";"TERMINADO";6;"L06";78;"ATENCION RECLAMO DOMICILIO";" 13056 "
"NO";"NO";"*";"*";"CERRADO";"TERMINADO";6;"N01";15;"ATENCION RECLAMO DOMICILIO";" 13056 "
"NO";"NO";"*";"*";"CERRADO";"TERMINADO";8;"P21";69;"ATENCION RECLAMO DOMICILIO";" 13056 "
"NO";"NO";"*";"*";"CERRADO";"TERMINADO";8;"L09";40;"ATENCION RECLAMO DOMICILIO";" 13056 "
"NO";"NO";"*";"*";"CERRADO";"TERMINADO";6;"P51";66;"ATENCION RECLAMO DOMICILIO";" 13056 "
"NO";"NO";"*";"*";"CERRADO";"TERMINADO";6;"C07";69;"ATENCION RECLAMO DOMICILIO";" 13056 "
"NO";"NO";"*";"*";"CERRADO";"TERMINADO";6;"C07";78;"ATENCION RECLAMO DOMICILIO";" 13056 "
"NO";"NO";"*";"*";"CERRADO";"TERMINADO";6;"F01";19;"ATENCION RECLAMO DOMICILIO";" 13056 "
"NO";"NO";"*";"*";"CERRADO";"TERMINADO";6;"I01";45;"ATENCION RECLAMO DOMICILIO";" 13056 "
"NO";"NO";"*";"*";"CERRADO";"TERMINADO";7;"L12";69;"ATENCION RECLAMO DOMICILIO";" 13056 "
"NO";"NO";"*";"*";"CERRADO";"TERMINADO";8;"L08";3;"ATENCION RECLAMO DOMICILIO";" 13056 "
"NO";"NO";"*";"*";"CERRADO";"TERMINADO";6;"T08";69;"ATENCION RECLAMO DOMICILIO";" 13056 "
"NO";"NO";"*";"*";"CERRADO";"TERMINADO";6;"U01";17;"ATENCION RECLAMO DOMICILIO";" 13056 "
"NO";"NO";"*";"*";"CERRADO";"TERMINADO";9;"L02";12;"ATENCION RECLAMO DOMICILIO";" 13056 "
"NO";"NO";"*";"*";"CERRADO";"TERMINADO";6;"P42";78;"ATENCION RECLAMO DOMICILIO";" 13056 "
"NO";"NO";"*";"*";"CERRADO";"TERMINADO";6;"L14";66;"ATENCION RECLAMO DOMICILIO";" 13056 "
"NO";"NO";"*";"*";"CERRADO";"TERMINADO";6;"A01";12;"ATENCION RECLAMO DOMICILIO";" 13056 "
"NO";"NO";"*";"*";"CERRADO";"TERMINADO";9;"C09";69;"ATENCION RECLAMO DOMICILIO";" 13056 "
"NO";"NO";"*";"*";"CERRADO";"TERMINADO";6;"N01";43;"ATENCION RECLAMO DOMICILIO";" 13056 "
"NO";"NO";"*";"*";"CERRADO";"TERMINADO";7;"U01";17;"ATENCION RECLAMO DOMICILIO";" 13056 "
"NO";"NO";"*";"*";"CERRADO";"TERMINADO";6;"P10";43;"ATENCION RECLAMO DOMICILIO";" 13056 "
"NO";"NO";"*";"*";"CERRADO";"TERMINADO";9;"L02";69;"ATENCION RECLAMO DOMICILIO";" 13056 "
"NO";"NO";"*";"*";"CERRADO";"TERMINADO";8;"L02";29;"ATENCION RECLAMO DOMICILIO";" 13056 "
"NO";"NO";"*";"*";"CERRADO";"TERMINADO";6;"P26";61;"ATENCION RECLAMO DOMICILIO";" 13056 "
"NO";"NO";"*";"*";"CERRADO";"TERMINADO";6;"P25";92;"ATENCION RECLAMO DOMICILIO";" 13056 "
"NO";"NO";"*";"*";"CERRADO";"TERMINADO";7;"T04";54;"ATENCION RECLAMO DOMICILIO";" 13056 "
"NO";"NO";"*";"*";"CERRADO";"TERMINADO";6;"T01";40;"ATENCION RECLAMO DOMICILIO";" 13056 "
"NO";"NO";"*";"*";"CERRADO";"TERMINADO";7;"P25";69;"ATENCION RECLAMO DOMICILIO";" 13056 "
"NO";"NO";"*";"*";"CERRADO";"TERMINADO";6;"R01";25;"ATENCION RECLAMO DOMICILIO";" 13056 "
"NO";"NO";"*";"*";"CERRADO";"TERMINADO";8;"L06";78;"ATENCION RECLAMO DOMICILIO";" 13056 "
"NO";"NO";"*";"*";"CERRADO";"TERMINADO";7;"C07";66;"ATENCION RECLAMO DOMICILIO";" 13056 "
"NO";"NO";"*";"*";"CERRADO";"TERMINADO";8;"P21";78;"ATENCION RECLAMO DOMICILIO";" 13056 "
"NO";"NO";"*";"*";"CERRADO";"TERMINADO";8;"S03";78;"ATENCION RECLAMO DOMICILIO";" 13056 "
"NO";"NO";"*";"*";"CERRADO";"TERMINADO";8;"S03";69;"ATENCION RECLAMO DOMICILIO";" 13056 "
"NO";"NO";"*";"*";"CERRADO";"TERMINADO";7;"C07";78;"ATENCION RECLAMO DOMICILIO";" 13056 "
"NO";"NO";"*";"*";"CERRADO";"TERMINADO";8;"P22";78;"ATENCION RECLAMO DOMICILIO";" 13056 "
"NO";"NO";"*";"*";"CERRADO";"TERMINADO";8;"M01";69;"ATENCION RECLAMO DOMICILIO";" 13056 "
"NO";"NO";"*";"*";"CERRADO";"TERMINADO";7;"P25";54;"ATENCION RECLAMO DOMICILIO";" 13056 "
"NO";"NO";"*";"*";"CERRADO";"TERMINADO";7;"C07";5;"ATENCION RECLAMO DOMICILIO";" 13056 "
"NO";"NO";"*";"*";"CERRADO";"TERMINADO";6;"D02";8;"ATENCION RECLAMO DOMICILIO";" 13056 "
"NO";"NO";"*";"*";"CERRADO";"TERMINADO";8;"A02";66;"ATENCION RECLAMO DOMICILIO";" 13056 "
"NO";"NO";"*";"*";"CERRADO";"TERMINADO";7;"M01";78;"ATENCION RECLAMO DOMICILIO";" 13056 "
"NO";"NO";"*";"*";"CERRADO";"TERMINADO";8;"L09";49;"ATENCION RECLAMO DOMICILIO";" 13056 "
"NO";"NO";"*";"*";"CERRADO";"TERMINADO";6;"C07";54;"ATENCION RECLAMO DOMICILIO";" 13056 "
"NO";"NO";"*";"*";"CERRADO";"TERMINADO";7;"P25";21;"ATENCION RECLAMO DOMICILIO";" 13056 "
"NO";"NO";"*";"*";"CERRADO";"TERMINADO";6;"P25";78;"ATENCION RECLAMO DOMICILIO";" 13056 "
"NO";"NO";"*";"*";"CERRADO";"TERMINADO";6;"A01";26;"ATENCION RECLAMO DOMICILIO";" 13056 "
"NO";"NO";"*";"*";"CERRADO";"TERMINADO";6;"F01";15;"ATENCION RECLAMO DOMICILIO";" 13056 "
"NO";"NO";"*";"*";"CERRADO";"TERMINADO";7;"T01";69;"ATENCION RECLAMO DOMICILIO";" 13056 "
"NO";"NO";"*";"*";"CERRADO";"TERMINADO";3;"P29";66;"ATENCION RECLAMO EN RED BT";" 15233 "
"NO";"NO";"*";"*";"CERRADO";"TERMINADO";4;"S03";85;"ATENCION RECLAMO EN RED BT";" 15233 "
"NO";"NO";"*";"*";"CERRADO";"TERMINADO";1;"F03";16;"ATENCION RECLAMO EN RED BT";" 15233 "
"NO";"NO";"*";"*";"CERRADO";"TERMINADO";4;"L02";85;"ATENCION RECLAMO EN RED BT";" 15233 "
"NO";"NO";"*";"*";"CERRADO";"TERMINADO";3;"P29";69;"ATENCION RECLAMO EN RED BT";" 15233 "
"NO";"NO";"*";"*";"CERRADO";"TERMINADO";1;"P50";66;"ATENCION RECLAMO EN RED BT";" 15233 "
"NO";"NO";"*";"*";"CERRADO";"TERMINADO";4;"P16";85;"ATENCION RECLAMO EN RED BT";" 15233 "
"NO";"NO";"*";"*";"CERRADO";"TERMINADO";4;"C05";78;"ATENCION RECLAMO EN RED BT";" 15233 "
"NO";"NO";"*";"*";"CERRADO";"TERMINADO";4;"L02";12;"ATENCION RECLAMO EN RED BT";" 15233 "
"NO";"NO";"*";"*";"CERRADO";"TERMINADO";4;"T20";66;"ATENCION RECLAMO EN RED BT";" 15233 "
"NO";"NO";"*";"*";"CERRADO";"TERMINADO";4;"L02";66;"ATENCION RECLAMO EN RED BT";" 15233 "
"NO";"NO";"*";"*";"CERRADO";"TERMINADO";4;"S03";66;"ATENCION RECLAMO EN RED BT";" 15233 "
"NO";"NO";"*";"*";"CERRADO";"TERMINADO";4;"L08";98;"ATENCION RECLAMO EN RED BT";" 15233 "
"NO";"NO";"*";"*";"CERRADO";"TERMINADO";3;"P16";11;"ATENCION RECLAMO EN RED BT";" 15233 "
"NO";"NO";"*";"*";"CERRADO";"TERMINADO";4;"L07";66;"ATENCION RECLAMO EN RED BT";" 15233 "
"NO";"NO";"*";"*";"CERRADO";"TERMINADO";4;"C39";66;"ATENCION RECLAMO EN RED BT";" 15233 "
"NO";"NO";"*";"*";"CERRADO";"TERMINADO";4;"L02";78;"ATENCION RECLAMO EN RED BT";" 15233 "
"NO";"NO";"*";"*";"CERRADO";"TERMINADO";1;"P16";78;"ATENCION RECLAMO EN RED BT";" 15233 "
"NO";"NO";"*";"*";"CERRADO";"TERMINADO";4;"S03";52;"ATENCION RECLAMO EN RED BT";" 15233 "
"NO";"NO";"*";"*";"CERRADO";"TERMINADO";2;"S03";85;"ATENCION RECLAMO EN RED BT";" 15233 "
"NO";"NO";"*";"*";"CERRADO";"TERMINADO";4;"C05";43;"ATENCION RECLAMO EN RED BT";" 15233 "
"NO";"NO";"*";"*";"CERRADO";"TERMINADO";4;"N01";15;"ATENCION RECLAMO EN RED BT";" 15233 "
"NO";"NO";"*";"*";"CERRADO";"TERMINADO";3;"T20";85;"ATENCION RECLAMO EN RED BT";" 15233 "
"NO";"NO";"*";"*";"CERRADO";"TERMINADO";1;"P04";66;"ATENCION RECLAMO EN RED BT";" 15233 "
"NO";"NO";"*";"*";"CERRADO";"TERMINADO";5;"M02";66;"ATENCION RECLAMO EN RED BT";" 15233 "
"NO";"NO";"*";"*";"CERRADO";"TERMINADO";5;"C10";85;"ATENCION RECLAMO EN RED BT";" 15233 "
"NO";"NO";"*";"*";"CERRADO";"TERMINADO";4;"C26";66;"ATENCION RECLAMO EN RED BT";" 15233 "
"NO";"NO";"*";"*";"CERRADO";"TERMINADO";4;"L02";16;"ATENCION RECLAMO EN RED BT";" 15233 "
"NO";"NO";"*";"*";"CERRADO";"TERMINADO";4;"L02";98;"ATENCION RECLAMO EN RED BT";" 15233 "
"NO";"NO";"*";"*";"CERRADO";"TERMINADO";1;"B07";10;"ATENCION RECLAMO EN RED BT";" 15233 "
"NO";"NO";"*";"*";"CERRADO";"TERMINADO";4;"C41";66;"ATENCION RECLAMO EN RED BT";" 15233 "
"NO";"NO";"*";"*";"CERRADO";"TERMINADO";4;"S03";78;"ATENCION RECLAMO EN RED BT";" 15233 "
"NO";"NO";"*";"*";"CERRADO";"TERMINADO";3;"P28";66;"ATENCION RECLAMO EN RED BT";" 15233 "
"NO";"NO";"*";"*";"CERRADO";"TERMINADO";3;"P29";61;"ATENCION RECLAMO EN RED BT";" 15233 "
"NO";"NO";"*";"*";"CERRADO";"TERMINADO";1;"S03";78;"ATENCION RECLAMO EN RED BT";" 15233 "
"NO";"NO";"*";"*";"CERRADO";"TERMINADO";4;"P34";66;"ATENCION RECLAMO EN RED BT";" 15233 "
"NO";"NO";"*";"*";"CERRADO";"TERMINADO";5;"P29";66;"ATENCION RECLAMO EN RED BT";" 15233 "
"NO";"NO";"*";"*";"CERRADO";"TERMINADO";4;"T20";85;"ATENCION RECLAMO EN RED BT";" 15233 "
"NO";"NO";"*";"*";"CERRADO";"TERMINADO";4;"S03";89;"ATENCION RECLAMO EN RED BT";" 15233 "
"NO";"NO";"*";"*";"CERRADO";"TERMINADO";4;"T17";66;"ATENCION RECLAMO EN RED BT";" 15233 "
"NO";"NO";"*";"*";"CERRADO";"TERMINADO";1;"S03";85;"ATENCION RECLAMO EN RED BT";" 15233 "
"NO";"NO";"*";"*";"CERRADO";"TERMINADO";4;"L02";17;"ATENCION RECLAMO EN RED BT";" 15233 "
"NO";"NO";"*";"*";"CERRADO";"TERMINADO";4;"G06";80;"ATENCION RECLAMO EN RED BT";" 15233 "
"NO";"NO";"*";"*";"CERRADO";"TERMINADO";3;"P29";81;"ATENCION RECLAMO EN RED BT";" 15233 "
"NO";"NO";"*";"*";"CERRADO";"TERMINADO";5;"C10";69;"ATENCION RECLAMO EN RED BT";" 15233 "
"NO";"NO";"*";"*";"CERRADO";"TERMINADO";3;"P23";66;"ATENCION RECLAMO EN RED BT";" 15233 "
"NO";"NO";"*";"*";"CERRADO";"TERMINADO";3;"P28";69;"ATENCION RECLAMO EN RED BT";" 15233 "
"NO";"NO";"*";"*";"CERRADO";"TERMINADO";3;"P30";66;"ATENCION RECLAMO EN RED BT";" 15233 "
"NO";"NO";"*";"*";"CERRADO";"TERMINADO";5;"C01";69;"ATENCION RECLAMO EN RED BT";" 15233 "
"NO";"NO";"*";"*";"CERRADO";"TERMINADO";1;"L02";85;"ATENCION RECLAMO EN RED BT";" 15233 "
"NO";"NO";"*";"*";"CERRADO";"TERMINADO";5;"F03";66;"ATENCION RECLAMO EN RED BT";" 15233 "
"NO";"NO";"*";"*";"CERRADO";"TERMINADO";3;"P02";43;"ATENCION RECLAMO EN RED BT";" 15233 "
"NO";"NO";"*";"*";"CERRADO";"TERMINADO";1;"P50";69;"ATENCION RECLAMO EN RED BT";" 15233 "
"NO";"NO";"*";"*";"CERRADO";"TERMINADO";5;"S03";85;"ATENCION RECLAMO EN RED BT";" 15233 "
"NO";"NO";"*";"*";"CERRADO";"TERMINADO";1;"P16";85;"ATENCION RECLAMO EN RED BT";" 15233 "
"NO";"NO";"*";"*";"CERRADO";"TERMINADO";4;"P27";66;"ATENCION RECLAMO EN RED BT";" 15233 "
"NO";"NO";"*";"*";"CERRADO";"TERMINADO";1;"T20";66;"ATENCION RECLAMO EN RED BT";" 15233 "
"NO";"NO";"*";"*";"CERRADO";"TERMINADO";1;"T16";69;"ATENCION RECLAMO EN RED BT";" 15233 "
"NO";"NO";"*";"*";"CERRADO";"TERMINADO";5;"S03";89;"ATENCION RECLAMO EN RED BT";" 15233 "
"NO";"NO";"*";"*";"CERRADO";"TERMINADO";3;"P03";43;"ATENCION RECLAMO EN RED BT";" 15233 "
"NO";"NO";"*";"*";"CERRADO";"TERMINADO";3;"P02";66;"ATENCION RECLAMO EN RED BT";" 15233 "
"NO";"NO";"*";"*";"CERRADO";"TERMINADO";1;"T16";78;"ATENCION RECLAMO EN RED BT";" 15233 "
"NO";"NO";"*";"*";"CERRADO";"TERMINADO";5;"C01";40;"ATENCION RECLAMO EN RED BT";" 15233 "
"NO";"NO";"*";"*";"CERRADO";"TERMINADO";4;"R04";69;"ATENCION RECLAMO EN RED BT";" 15233 "
"NO";"NO";"*";"*";"CERRADO";"TERMINADO";3;"P29";82;"ATENCION RECLAMO EN RED BT";" 15233 "
"NO";"NO";"*";"*";"CERRADO";"TERMINADO";4;"C39";92;"ATENCION RECLAMO EN RED BT";" 15233 "
"NO";"NO";"*";"*";"CERRADO";"TERMINADO";3;"T24";66;"ATENCION RECLAMO EN RED BT";" 15233 "
"NO";"NO";"*";"*";"CERRADO";"TERMINADO";1;"T16";66;"ATENCION RECLAMO EN RED BT";" 15233 "
"NO";"NO";"*";"*";"CERRADO";"TERMINADO";4;"N01";66;"ATENCION RECLAMO EN RED BT";" 15233 "
"NO";"NO";"*";"*";"CERRADO";"TERMINADO";3;"P29";5;"ATENCION RECLAMO EN RED BT";" 15233 "
"NO";"NO";"*";"*";"CERRADO";"TERMINADO";4;"S03";69;"ATENCION RECLAMO EN RED BT";" 15233 "
"NO";"NO";"*";"*";"CERRADO";"TERMINADO";4;"L02";26;"ATENCION RECLAMO EN RED BT";" 15233 "
"NO";"NO";"*";"*";"CERRADO";"TERMINADO";3;"B06";43;"ATENCION RECLAMO EN RED BT";" 15233 "
"NO";"NO";"*";"*";"CERRADO";"TERMINADO";4;"S03";59;"ATENCION RECLAMO EN RED BT";" 15233 "
"NO";"NO";"*";"*";"CERRADO";"TERMINADO";1;"P16";69;"ATENCION RECLAMO EN RED BT";" 15233 "
"NO";"NO";"*";"*";"CERRADO";"TERMINADO";4;"L08";66;"ATENCION RECLAMO EN RED BT";" 15233 "
"NO";"NO";"*";"*";"CERRADO";"TERMINADO";1;"F03";66;"ATENCION RECLAMO EN RED BT";" 15233 "
"NO";"NO";"*";"*";"CERRADO";"TERMINADO";3;"P24";66;"ATENCION RECLAMO EN RED BT";" 15233 "
"NO";"NO";"*";"*";"CERRADO";"TERMINADO";1;"P50";29;"ATENCION RECLAMO EN RED BT";" 15233 "
"NO";"NO";"*";"*";"CERRADO";"TERMINADO";4;"P16";48;"ATENCION RECLAMO EN RED BT";" 15233 "
"NO";"NO";"*";"*";"CERRADO";"TERMINADO";4;"C46";17;"ATENCION RECLAMO EN RED BT";" 15233 "
"NO";"NO";"*";"*";"CERRADO";"TERMINADO";3;"P28";61;"ATENCION RECLAMO EN RED BT";" 15233 "
"NO";"NO";"*";"*";"CERRADO";"TERMINADO";4;"C26";12;"ATENCION RECLAMO EN RED BT";" 15233 "
"NO";"NO";"*";"*";"CERRADO";"TERMINADO";3;"P30";78;"ATENCION RECLAMO EN RED BT";" 15233 "
"NO";"NO";"*";"*";"CERRADO";"TERMINADO";5;"P12";80;"ATENCION RECLAMO EN RED BT";" 15233 "
"NO";"NO";"*";"*";"CERRADO";"TERMINADO";5;"C10";47;"ATENCION RECLAMO EN RED BT";" 15233 "
"NO";"NO";"*";"*";"CERRADO";"TERMINADO";4;"T21";92;"ATENCION RECLAMO EN RED BT";" 15233 "
"NO";"NO";"*";"*";"CERRADO";"TERMINADO";4;"S03";29;"ATENCION RECLAMO EN RED BT";" 15233 "
"NO";"NO";"*";"*";"CERRADO";"TERMINADO";1;"I02";66;"ATENCION RECLAMO EN RED BT";" 15233 "
"NO";"NO";"*";"*";"CERRADO";"TERMINADO";4;"L07";19;"ATENCION RECLAMO EN RED BT";" 15233 "
"NO";"NO";"*";"*";"CERRADO";"TERMINADO";1;"P50";61;"ATENCION RECLAMO EN RED BT";" 15233 "
"NO";"NO";"*";"*";"CERRADO";"TERMINADO";4;"R04";77;"ATENCION RECLAMO EN RED BT";" 15233 "
"NO";"NO";"*";"*";"CERRADO";"TERMINADO";4;"L08";78;"ATENCION RECLAMO EN RED BT";" 15233 "
"NO";"NO";"*";"*";"CERRADO";"TERMINADO";4;"C05";85;"ATENCION RECLAMO EN RED BT";" 15233 "
"NO";"NO";"*";"*";"CERRADO";"TERMINADO";5;"S03";78;"ATENCION RECLAMO EN RED BT";" 15233 "
"NO";"NO";"*";"*";"CERRADO";"TERMINADO";4;"C44";69;"ATENCION RECLAMO EN RED BT";" 15233 "
"NO";"NO";"*";"*";"CERRADO";"TERMINADO";4;"L02";3;"ATENCION RECLAMO EN RED BT";" 15233 "
"NO";"NO";"*";"*";"CERRADO";"TERMINADO";4;"R04";66;"ATENCION RECLAMO EN RED BT";" 15233 "
"NO";"NO";"*";"*";"CERRADO";"TERMINADO";2;"D03";85;"ATENCION RECLAMO EN RED BT";" 15233 "
"NO";"NO";"*";"*";"CERRADO";"TERMINADO";5;"M02";85;"ATENCION RECLAMO EN RED BT";" 15233 "
"NO";"NO";"*";"*";"CERRADO";"TERMINADO";1;"R03";85;"ATENCION RECLAMO EN RED BT";" 15233 "
"NO";"NO";"*";"*";"CERRADO";"TERMINADO";5;"C09";85;"ATENCION RECLAMO EN RED BT";" 15233 "
"NO";"NO";"*";"*";"CERRADO";"TERMINADO";4;"L08";85;"ATENCION RECLAMO EN RED BT";" 15233 "
"NO";"NO";"*";"*";"CERRADO";"TERMINADO";1;"Z01";85;"ATENCION RECLAMO EN RED BT";" 15233 "
"NO";"NO";"*";"*";"CERRADO";"TERMINADO";2;"T15";85;"ATENCION RECLAMO EN RED BT";" 15233 "
"NO";"NO";"*";"*";"CERRADO";"TERMINADO";3;"T15";85;"ATENCION RECLAMO EN RED BT";" 15233 "
"NO";"NO";"*";"*";"CERRADO";"TERMINADO";5;"B23";85;"ATENCION RECLAMO EN RED BT";" 15233 "
"SI";"SI";"*";"*";"CERRADO";"TERMINADO";6;"D02";0;"VISITA SIN ACTUACION (FALSA ALARMA)";" 7616 "
"SI";"SI";"*";"*";"CERRADO";"TERMINADO";6;"D02";1;"VISITA SIN ACTUACION (FALSA ALARMA)";" 7616 "
"SI";"SI";"*";"*";"CERRADO";"TERMINADO";4;"S03";37;"VISITA SIN ACTUACION (FALSA ALARMA)";" 7616 "
"SI";"SI";"*";"*";"CERRADO";"TERMINADO";7;"D02";1;"VISITA SIN ACTUACION (FALSA ALARMA)";" 7616 "
"SI";"SI";"*";"*";"CERRADO";"TERMINADO";4;"P16";0;"VISITA SIN ACTUACION (FALSA ALARMA)";" 7616 "
"SI";"SI";"*";"*";"CERRADO";"TERMINADO";6;"A02";0;"VISITA SIN ACTUACION (FALSA ALARMA)";" 7616 "
"SI";"SI";"*";"*";"CERRADO";"TERMINADO";6;"D02";2;"VISITA SIN ACTUACION (FALSA ALARMA)";" 7616 "
"SI";"SI";"*";"*";"CERRADO";"TERMINADO";7;"D02";0;"VISITA SIN ACTUACION (FALSA ALARMA)";" 7616 "
"SI";"SI";"*";"*";"CERRADO";"TERMINADO";4;"S03";0;"VISITA SIN ACTUACION (FALSA ALARMA)";" 7616 "
"SI";"SI";"*";"*";"CERRADO";"TERMINADO";7;"I01";1;"VISITA SIN ACTUACION (FALSA ALARMA)";" 7616 "
"SI";"SI";"*";"*";"CERRADO";"TERMINADO";4;"L02";0;"VISITA SIN ACTUACION (FALSA ALARMA)";" 7616 "
"SI";"SI";"*";"*";"CERRADO";"TERMINADO";6;"I01";0;"VISITA SIN ACTUACION (FALSA ALARMA)";" 7616 "
"SI";"SI";"*";"*";"CERRADO";"TERMINADO";6;"I01";1;"VISITA SIN ACTUACION (FALSA ALARMA)";" 7616 "
"SI";"SI";"*";"*";"CERRADO";"TERMINADO";4;"P16";37;"VISITA SIN ACTUACION (FALSA ALARMA)";" 7616 "
"SI";"SI";"*";"*";"CERRADO";"TERMINADO";4;"L02";37;"VISITA SIN ACTUACION (FALSA ALARMA)";" 7616 "
"SI";"SI";"*";"*";"CERRADO";"TERMINADO";7;"D02";2;"VISITA SIN ACTUACION (FALSA ALARMA)";" 7616 "
"SI";"SI";"*";"*";"CERRADO";"TERMINADO";9;"L04";78;"VISITA SIN ACTUACION (FALSA ALARMA)";" 7616 "
"SI";"SI";"*";"*";"CERRADO";"TERMINADO";7;"D02";37;"VISITA SIN ACTUACION (FALSA ALARMA)";" 7616 "
"SI";"SI";"*";"*";"CERRADO";"TERMINADO";7;"C02";37;"VISITA SIN ACTUACION (FALSA ALARMA)";" 7616 "
"SI";"SI";"*";"*";"CERRADO";"TERMINADO";8;"L02";0;"VISITA SIN ACTUACION (FALSA ALARMA)";" 7616 "
"SI";"SI";"*";"*";"CERRADO";"TERMINADO";1;"S03";37;"VISITA SIN ACTUACION (FALSA ALARMA)";" 7616 "
"SI";"SI";"*";"*";"CERRADO";"TERMINADO";6;"I01";57;"VISITA SIN ACTUACION (FALSA ALARMA)";" 7616 "
"SI";"SI";"*";"*";"CERRADO";"TERMINADO";6;"D02";57;"VISITA SIN ACTUACION (FALSA ALARMA)";" 7616 "
"SI";"SI";"*";"*";"CERRADO";"TERMINADO";5;"C03";37;"VISITA SIN ACTUACION (FALSA ALARMA)";" 7616 "
"SI";"SI";"*";"*";"CERRADO";"TERMINADO";5;"S03";37;"VISITA SIN ACTUACION (FALSA ALARMA)";" 7616 "
"SI";"SI";"*";"*";"CERRADO";"TERMINADO";7;"I01";37;"VISITA SIN ACTUACION (FALSA ALARMA)";" 7616 "
"SI";"SI";"*";"*";"CERRADO";"TERMINADO";9;"T23";78;"VISITA SIN ACTUACION (FALSA ALARMA)";" 7616 "
"SI";"SI";"*";"*";"CERRADO";"TERMINADO";7;"M01";0;"VISITA SIN ACTUACION (FALSA ALARMA)";" 7616 "
"SI";"SI";"*";"*";"CERRADO";"TERMINADO";9;"P16";78;"VISITA SIN ACTUACION (FALSA ALARMA)";" 7616 "
"SI";"SI";"*";"*";"CERRADO";"TERMINADO";6;"D02";37;"VISITA SIN ACTUACION (FALSA ALARMA)";" 7616 "
"SI";"SI";"*";"*";"CERRADO";"TERMINADO";7;"D02";57;"VISITA SIN ACTUACION (FALSA ALARMA)";" 7616 "
"SI";"SI";"*";"*";"CERRADO";"TERMINADO";9;"C10";37;"VISITA SIN ACTUACION (FALSA ALARMA)";" 7616 "
"SI";"SI";"*";"*";"CERRADO";"TERMINADO";3;"T20";37;"VISITA SIN ACTUACION (FALSA ALARMA)";" 7616 "
"SI";"SI";"*";"*";"CERRADO";"TERMINADO";7;"I01";0;"VISITA SIN ACTUACION (FALSA ALARMA)";" 7616 "
"SI";"SI";"*";"*";"CERRADO";"TERMINADO";9;"P20";69;"VISITA SIN ACTUACION (FALSA ALARMA)";" 7616 "
"SI";"SI";"*";"*";"CERRADO";"TERMINADO";9;"L02";78;"VISITA SIN ACTUACION (FALSA ALARMA)";" 7616 "
"SI";"SI";"*";"*";"CERRADO";"TERMINADO";1;"L02";37;"VISITA SIN ACTUACION (FALSA ALARMA)";" 7616 "
"SI";"SI";"*";"*";"CERRADO";"TERMINADO";9;"L06";0;"VISITA SIN ACTUACION (FALSA ALARMA)";" 7616 "
"SI";"SI";"*";"*";"CERRADO";"TERMINADO";7;"I01";57;"VISITA SIN ACTUACION (FALSA ALARMA)";" 7616 "
"SI";"SI";"*";"*";"CERRADO";"TERMINADO";4;"S03";85;"VISITA SIN ACTUACION (FALSA ALARMA)";" 7616 "
"SI";"SI";"*";"*";"CERRADO";"TERMINADO";6;"M01";0;"VISITA SIN ACTUACION (FALSA ALARMA)";" 7616 "
"SI";"SI";"*";"*";"CERRADO";"TERMINADO";6;"D02";52;"VISITA SIN ACTUACION (FALSA ALARMA)";" 7616 "
"SI";"SI";"*";"*";"CERRADO";"TERMINADO";6;"D02";69;"VISITA SIN ACTUACION (FALSA ALARMA)";" 7616 "
"SI";"SI";"*";"*";"CERRADO";"TERMINADO";5;"S03";0;"VISITA SIN ACTUACION (FALSA ALARMA)";" 7616 "
"SI";"SI";"*";"*";"CERRADO";"TERMINADO";6;"C27";0;"VISITA SIN ACTUACION (FALSA ALARMA)";" 7616 "
"SI";"SI";"*";"*";"CERRADO";"TERMINADO";6;"P25";21;"VISITA SIN ACTUACION (FALSA ALARMA)";" 7616 "
"SI";"SI";"*";"*";"CERRADO";"TERMINADO";6;"I01";37;"VISITA SIN ACTUACION (FALSA ALARMA)";" 7616 "
"SI";"SI";"*";"*";"CERRADO";"TERMINADO";1;"P16";37;"VISITA SIN ACTUACION (FALSA ALARMA)";" 7616 "
"SI";"SI";"*";"*";"CERRADO";"TERMINADO";4;"S03";52;"VISITA SIN ACTUACION (FALSA ALARMA)";" 7616 "
"SI";"SI";"*";"*";"CERRADO";"TERMINADO";6;"D02";78;"VISITA SIN ACTUACION (FALSA ALARMA)";" 7616 "
"SI";"SI";"*";"*";"CERRADO";"TERMINADO";8;"S03";0;"VISITA SIN ACTUACION (FALSA ALARMA)";" 7616 "
"SI";"SI";"*";"*";"CERRADO";"TERMINADO";6;"I01";69;"VISITA SIN ACTUACION (FALSA ALARMA)";" 7467 "
"SI";"SI";"*";"*";"CERRADO";"TERMINADO";7;"D02";78;"VISITA SIN ACTUACION (FALSA ALARMA)";" 7616 "
"SI";"SI";"*";"*";"CERRADO";"TERMINADO";6;"E03";0;"VISITA SIN ACTUACION (FALSA ALARMA)";" 7616 "
"SI";"SI";"*";"*";"CERRADO";"TERMINADO";6;"A02";85;"VISITA SIN ACTUACION (FALSA ALARMA)";" 7616 "
"SI";"SI";"*";"*";"CERRADO";"TERMINADO";6;"D02";85;"VISITA SIN ACTUACION (FALSA ALARMA)";" 7616 "
"SI";"SI";"*";"*";"CERRADO";"TERMINADO";4;"L02";85;"VISITA SIN ACTUACION (FALSA ALARMA)";" 7616 "
"SI";"SI";"*";"*";"CERRADO";"TERMINADO";4;"S03";85;"VISITA SIN ACTUACION (FALSA ALARMA)";" 7467 "
"SI";"SI";"*";"*";"CERRADO";"TERMINADO";9;"L02";0;"VISITA SIN ACTUACION (FALSA ALARMA)";" 7616 "
"SI";"SI";"*";"*";"CERRADO";"TERMINADO";6;"C07";0;"VISITA SIN ACTUACION (FALSA ALARMA)";" 7616 "
"SI";"SI";"*";"*";"CERRADO";"TERMINADO";9;"L02";26;"VISITA SIN ACTUACION (FALSA ALARMA)";" 7616 "
"SI";"SI";"*";"*";"CERRADO";"TERMINADO";6;"D02";93;"VISITA SIN ACTUACION (FALSA ALARMA)";" 7616 "
"SI";"SI";"*";"*";"CERRADO";"TERMINADO";7;"D02";93;"VISITA SIN ACTUACION (FALSA ALARMA)";" 7616 "
"SI";"SI";"*";"*";"CERRADO";"TERMINADO";6;"M01";85;"VISITA SIN ACTUACION (FALSA ALARMA)";" 7616 "
"SI";"SI";"*";"*";"CERRADO";"TERMINADO";7;"D02";85;"VISITA SIN ACTUACION (FALSA ALARMA)";" 7616 "
"SI";"SI";"*";"*";"CERRADO";"TERMINADO";6;"I01";85;"VISITA SIN ACTUACION (FALSA ALARMA)";" 7616 "
"SI";"SI";"*";"*";"CERRADO";"TERMINADO";7;"I01";85;"VISITA SIN ACTUACION (FALSA ALARMA)";" 7616 "
"SI";"SI";"*";"*";"CERRADO";"TERMINADO";6;"C07";85;"VISITA SIN ACTUACION (FALSA ALARMA)";" 7616 "
"SI";"SI";"*";"*";"CERRADO";"TERMINADO";8;"L09";85;"VISITA SIN ACTUACION (FALSA ALARMA)";" 7616 "
"SI";"SI";"*";"*";"CERRADO";"TERMINADO";5;"C01";0;"VISITA SIN ACTUACION (FALSA ALARMA)";" 7616 "
"SI";"SI";"*";"*";"CERRADO";"TERMINADO";8;"L09";0;"VISITA SIN ACTUACION (FALSA ALARMA)";" 7616 "
"SI";"SI";"*";"*";"CERRADO";"TERMINADO";7;"C07";93;"VISITA SIN ACTUACION (FALSA ALARMA)";" 7616 "
"SI";"SI";"*";"*";"CERRADO";"TERMINADO";7;"E06";85;"VISITA SIN ACTUACION (FALSA ALARMA)";" 7616 "
"SI";"SI";"*";"*";"CERRADO";"TERMINADO";6;"D02";59;"VISITA SIN ACTUACION (FALSA ALARMA)";" 7616 "
"SI";"SI";"*";"*";"CERRADO";"TERMINADO";6;"C07";93;"VISITA SIN ACTUACION (FALSA ALARMA)";" 7616 "
"SI";"SI";"*";"*";"CERRADO";"TERMINADO";8;"S03";52;"VISITA SIN ACTUACION (FALSA ALARMA)";" 7616 "
"SI";"SI";"*";"*";"CERRADO";"TERMINADO";6;"A01";0;"VISITA SIN ACTUACION (FALSA ALARMA)";" 7616 "
"SI";"SI";"*";"*";"CERRADO";"TERMINADO";6;"A02";37;"VISITA SIN ACTUACION (FALSA ALARMA)";" 7616 "
"SI";"SI";"*";"*";"CERRADO";"TERMINADO";7;"M01";85;"VISITA SIN ACTUACION (FALSA ALARMA)";" 7616 "
"SI";"SI";"*";"*";"CERRADO";"TERMINADO";3;"P16";78;"VISITA SIN ACTUACION (FALSA ALARMA)";" 7616 "
"NO";"NO";"*";"*";"CERRADO";"TERMINADO";9;"L02";17;"ATENCION RECLAMO DOMICILIO";" 13056 "
"NO";"NO";"*";"*";"CERRADO";"TERMINADO";6;"P10";54;"ATENCION RECLAMO DOMICILIO";" 13056 "
"NO";"NO";"*";"*";"CERRADO";"TERMINADO";6;"A01";17;"ATENCION RECLAMO DOMICILIO";" 13056 "
"NO";"NO";"*";"*";"CERRADO";"TERMINADO";6;"A01";92;"ATENCION RECLAMO DOMICILIO";" 13056 "
"NO";"NO";"*";"*";"CERRADO";"TERMINADO";6;"A01";54;"ATENCION RECLAMO DOMICILIO";" 13056 "
"NO";"NO";"*";"*";"CERRADO";"TERMINADO";6;"C30";15;"ATENCION RECLAMO DOMICILIO";" 13056 "
"NO";"NO";"*";"*";"CERRADO";"TERMINADO";6;"P26";62;"ATENCION RECLAMO DOMICILIO";" 13056 "
"NO";"NO";"*";"*";"CERRADO";"TERMINADO";8;"L02";16;"ATENCION RECLAMO DOMICILIO";" 13056 "
"NO";"NO";"*";"*";"CERRADO";"TERMINADO";6;"B01";40;"ATENCION RECLAMO DOMICILIO";" 13056 "
"NO";"NO";"*";"*";"CERRADO";"TERMINADO";6;"B01";15;"ATENCION RECLAMO DOMICILIO";" 13056 "
"NO";"NO";"*";"*";"CERRADO";"TERMINADO";6;"N01";25;"ATENCION RECLAMO DOMICILIO";" 13056 "
"NO";"NO";"*";"*";"CERRADO";"TERMINADO";6;"D02";57;"ATENCION RECLAMO DOMICILIO";" 13056 "
"NO";"NO";"*";"*";"CERRADO";"TERMINADO";7;"P26";61;"ATENCION RECLAMO DOMICILIO";" 13056 "
"NO";"NO";"*";"*";"CERRADO";"TERMINADO";6;"C07";5;"ATENCION RECLAMO DOMICILIO";" 13056 "
"NO";"NO";"*";"*";"CERRADO";"TERMINADO";6;"D02";31;"ATENCION RECLAMO DOMICILIO";" 13056 "
"NO";"NO";"*";"*";"CERRADO";"TERMINADO";7;"T04";5;"ATENCION RECLAMO DOMICILIO";" 13056 "
"NO";"NO";"*";"*";"CERRADO";"TERMINADO";9;"T06";54;"ATENCION RECLAMO DOMICILIO";" 13056 "
"NO";"NO";"*";"*";"CERRADO";"TERMINADO";7;"P25";62;"ATENCION RECLAMO DOMICILIO";" 13056 "
"NO";"NO";"*";"*";"CERRADO";"TERMINADO";7;"P10";69;"ATENCION RECLAMO DOMICILIO";" 13056 "
"NO";"NO";"*";"*";"CERRADO";"TERMINADO";6;"E03";21;"ATENCION RECLAMO DOMICILIO";" 13056 "
"NO";"NO";"*";"*";"CERRADO";"TERMINADO";7;"P26";62;"ATENCION RECLAMO DOMICILIO";" 13056 "
"NO";"NO";"*";"*";"CERRADO";"TERMINADO";6;"A02";21;"ATENCION RECLAMO DOMICILIO";" 13056 "
"NO";"NO";"*";"*";"CERRADO";"TERMINADO";6;"P10";69;"ATENCION RECLAMO DOMICILIO";" 13056 "
"NO";"NO";"*";"*";"CERRADO";"TERMINADO";6;"P25";85;"ATENCION RECLAMO DOMICILIO";" 13056 "
"NO";"NO";"*";"*";"CERRADO";"TERMINADO";6;"A02";43;"ATENCION RECLAMO DOMICILIO";" 13056 "
"NO";"NO";"*";"*";"CERRADO";"TERMINADO";6;"A02";92;"ATENCION RECLAMO DOMICILIO";" 13056 "
"NO";"NO";"*";"*";"CERRADO";"TERMINADO";6;"F01";92;"ATENCION RECLAMO DOMICILIO";" 13056 "
"NO";"NO";"*";"*";"CERRADO";"TERMINADO";6;"A02";22;"ATENCION RECLAMO DOMICILIO";" 13056 "
"NO";"NO";"*";"*";"CERRADO";"TERMINADO";6;"L06";26;"ATENCION RECLAMO DOMICILIO";" 13056 "
"NO";"NO";"*";"*";"CERRADO";"TERMINADO";6;"B09";21;"ATENCION RECLAMO DOMICILIO";" 13056 "
"NO";"NO";"*";"*";"CERRADO";"TERMINADO";6;"M01";25;"ATENCION RECLAMO DOMICILIO";" 13056 "
"NO";"NO";"*";"*";"CERRADO";"TERMINADO";8;"P25";69;"ATENCION RECLAMO DOMICILIO";" 13056 "
"NO";"NO";"*";"*";"CERRADO";"TERMINADO";7;"C30";92;"ATENCION RECLAMO DOMICILIO";" 13056 "
"NO";"NO";"*";"*";"CERRADO";"TERMINADO";6;"P26";43;"ATENCION RECLAMO DOMICILIO";" 13056 "
"NO";"NO";"*";"*";"CERRADO";"TERMINADO";7;"P26";43;"ATENCION RECLAMO DOMICILIO";" 13056 "
"NO";"NO";"*";"*";"CERRADO";"TERMINADO";8;"P22";11;"ATENCION RECLAMO DOMICILIO";" 13056 "
"NO";"NO";"*";"*";"CERRADO";"TERMINADO";6;"P25";54;"ATENCION RECLAMO DOMICILIO";" 13056 "
"NO";"NO";"*";"*";"CERRADO";"TERMINADO";6;"A01";29;"ATENCION RECLAMO DOMICILIO";" 13056 "
"NO";"NO";"*";"*";"CERRADO";"TERMINADO";8;"F01";92;"ATENCION RECLAMO DOMICILIO";" 13056 "
"NO";"NO";"*";"*";"CERRADO";"TERMINADO";7;"F01";43;"ATENCION RECLAMO DOMICILIO";" 13056 "
"NO";"NO";"*";"*";"CERRADO";"TERMINADO";8;"L02";12;"ATENCION RECLAMO DOMICILIO";" 13056 "
"NO";"NO";"*";"*";"CERRADO";"TERMINADO";7;"U01";40;"ATENCION RECLAMO DOMICILIO";" 13056 "
"NO";"NO";"*";"*";"CERRADO";"TERMINADO";6;"B01";92;"ATENCION RECLAMO DOMICILIO";" 13056 "
"NO";"NO";"*";"*";"CERRADO";"TERMINADO";6;"P26";29;"ATENCION RECLAMO DOMICILIO";" 13056 "
"NO";"NO";"*";"*";"CERRADO";"TERMINADO";6;"A01";18;"ATENCION RECLAMO DOMICILIO";" 13056 "
"NO";"NO";"*";"*";"CERRADO";"TERMINADO";6;"P26";40;"ATENCION RECLAMO DOMICILIO";" 13056 "
"NO";"NO";"*";"*";"CERRADO";"TERMINADO";6;"P25";21;"ATENCION RECLAMO DOMICILIO";" 13056 "
"NO";"NO";"*";"*";"CERRADO";"TERMINADO";6;"F01";69;"ATENCION RECLAMO DOMICILIO";" 13056 "
"NO";"NO";"*";"*";"CERRADO";"TERMINADO";6;"U01";85;"ATENCION RECLAMO DOMICILIO";" 13056 "
"NO";"NO";"*";"*";"CERRADO";"TERMINADO";8;"L09";31;"ATENCION RECLAMO DOMICILIO";" 13056 "
"NO";"NO";"*";"*";"CERRADO";"TERMINADO";7;"F01";92;"ATENCION RECLAMO DOMICILIO";" 13056 "
"NO";"NO";"*";"*";"CERRADO";"TERMINADO";6;"T04";69;"ATENCION RECLAMO DOMICILIO";" 13056 "
"NO";"NO";"*";"*";"CERRADO";"TERMINADO";6;"A01";25;"ATENCION RECLAMO DOMICILIO";" 13056 "
"NO";"NO";"*";"*";"CERRADO";"TERMINADO";9;"L02";25;"ATENCION RECLAMO DOMICILIO";" 13056 "
"NO";"NO";"*";"*";"CERRADO";"TERMINADO";9;"T10";69;"ATENCION RECLAMO DOMICILIO";" 13056 "
"NO";"NO";"*";"*";"CERRADO";"TERMINADO";6;"P43";48;"ATENCION RECLAMO DOMICILIO";" 13056 "
"NO";"NO";"*";"*";"CERRADO";"TERMINADO";6;"A01";16;"ATENCION RECLAMO DOMICILIO";" 13056 "
"NO";"NO";"*";"*";"CERRADO";"TERMINADO";6;"P43";12;"ATENCION RECLAMO DOMICILIO";" 13056 "
"NO";"NO";"*";"*";"CERRADO";"TERMINADO";7;"D02";89;"ATENCION RECLAMO DOMICILIO";" 13056 "
"NO";"NO";"*";"*";"CERRADO";"TERMINADO";9;"L06";16;"ATENCION RECLAMO DOMICILIO";" 13056 "
"NO";"NO";"*";"*";"CERRADO";"TERMINADO";8;"L09";85;"ATENCION RECLAMO DOMICILIO";" 13056 "
"NO";"NO";"*";"*";"CERRADO";"TERMINADO";7;"N01";43;"ATENCION RECLAMO DOMICILIO";" 13056 "
"NO";"NO";"*";"*";"CERRADO";"TERMINADO";8;"L08";16;"ATENCION RECLAMO DOMICILIO";" 13056 "
"NO";"NO";"*";"*";"CERRADO";"TERMINADO";6;"E03";48;"ATENCION RECLAMO DOMICILIO";" 13056 "
"NO";"NO";"*";"*";"CERRADO";"TERMINADO";6;"B01";25;"ATENCION RECLAMO DOMICILIO";" 13056 "
"NO";"NO";"*";"*";"CERRADO";"TERMINADO";6;"N01";17;"ATENCION RECLAMO DOMICILIO";" 13056 "
"NO";"NO";"*";"*";"CERRADO";"TERMINADO";8;"L02";67;"ATENCION RECLAMO DOMICILIO";" 13056 "
"NO";"NO";"*";"*";"CERRADO";"TERMINADO";7;"U01";15;"ATENCION RECLAMO DOMICILIO";" 13056 "
"NO";"NO";"*";"*";"CERRADO";"TERMINADO";6;"A02";54;"ATENCION RECLAMO DOMICILIO";" 13056 "
"NO";"NO";"*";"*";"CERRADO";"TERMINADO";6;"A01";21;"ATENCION RECLAMO DOMICILIO";" 13056 "
"NO";"NO";"*";"*";"CERRADO";"TERMINADO";6;"U01";92;"ATENCION RECLAMO DOMICILIO";" 13056 "
"NO";"NO";"*";"*";"CERRADO";"TERMINADO";7;"C30";15;"ATENCION RECLAMO DOMICILIO";" 13056 "
"NO";"NO";"*";"*";"CERRADO";"TERMINADO";7;"P26";40;"ATENCION RECLAMO DOMICILIO";" 13056 "
"NO";"NO";"*";"*";"CERRADO";"TERMINADO";7;"M01";69;"ATENCION RECLAMO DOMICILIO";" 13056 "
"NO";"NO";"*";"*";"CERRADO";"TERMINADO";6;"P10";19;"ATENCION RECLAMO DOMICILIO";" 13056 "
"NO";"NO";"*";"*";"CERRADO";"TERMINADO";6;"D02";89;"ATENCION RECLAMO DOMICILIO";" 13056 "
"NO";"NO";"*";"*";"CERRADO";"TERMINADO";8;"L09";15;"ATENCION RECLAMO DOMICILIO";" 13056 "
"NO";"NO";"*";"*";"CERRADO";"TERMINADO";6;"A01";61;"ATENCION RECLAMO DOMICILIO";" 13056 "
"NO";"NO";"*";"*";"CERRADO";"TERMINADO";6;"B09";92;"ATENCION RECLAMO DOMICILIO";" 13056 "
"NO";"NO";"*";"*";"CERRADO";"TERMINADO";7;"D02";57;"ATENCION RECLAMO DOMICILIO";" 13056 "
"NO";"NO";"*";"*";"CERRADO";"TERMINADO";7;"U01";19;"ATENCION RECLAMO DOMICILIO";" 13056 "
"NO";"NO";"*";"*";"CERRADO";"TERMINADO";9;"C10";41;"ATENCION RECLAMO DOMICILIO";" 13056 "
"NO";"NO";"*";"*";"CERRADO";"TERMINADO";6;"B01";16;"ATENCION RECLAMO DOMICILIO";" 13056 "
"NO";"NO";"*";"*";"CERRADO";"TERMINADO";9;"T06";21;"ATENCION RECLAMO DOMICILIO";" 13056 "
"NO";"NO";"*";"*";"CERRADO";"TERMINADO";6;"C30";54;"ATENCION RECLAMO DOMICILIO";" 13056 "
"NO";"NO";"*";"*";"CERRADO";"TERMINADO";6;"P25";64;"ATENCION RECLAMO DOMICILIO";" 13056 "
"NO";"NO";"*";"*";"CERRADO";"TERMINADO";6;"A02";40;"ATENCION RECLAMO DOMICILIO";" 13056 "
"NO";"NO";"*";"*";"CERRADO";"TERMINADO";6;"N01";16;"ATENCION RECLAMO DOMICILIO";" 13056 "
"NO";"NO";"*";"*";"CERRADO";"TERMINADO";9;"C38";5;"ATENCION RECLAMO DOMICILIO";" 13056 "
"NO";"NO";"*";"*";"CERRADO";"TERMINADO";7;"C02";29;"ATENCION RECLAMO DOMICILIO";" 13056 "
"NO";"NO";"*";"*";"CERRADO";"TERMINADO";7;"P25";60;"ATENCION RECLAMO DOMICILIO";" 13056 "
"NO";"NO";"*";"*";"CERRADO";"TERMINADO";6;"C30";92;"ATENCION RECLAMO DOMICILIO";" 13056 "
"NO";"NO";"*";"*";"CERRADO";"TERMINADO";6;"P26";77;"ATENCION RECLAMO DOMICILIO";" 13056 "
"NO";"NO";"*";"*";"CERRADO";"TERMINADO";6;"B08";43;"ATENCION RECLAMO DOMICILIO";" 13056 "
"NO";"NO";"*";"*";"CERRADO";"TERMINADO";6;"A01";85;"ATENCION RECLAMO DOMICILIO";" 13056 "
"NO";"NO";"*";"*";"CERRADO";"TERMINADO";6;"T04";92;"ATENCION RECLAMO DOMICILIO";" 13056 "
"NO";"NO";"*";"*";"CERRADO";"TERMINADO";6;"F01";17;"ATENCION RECLAMO DOMICILIO";" 13056 "
"NO";"NO";"*";"*";"CERRADO";"TERMINADO";6;"P43";69;"ATENCION RECLAMO DOMICILIO";" 13056 "
"NO";"NO";"*";"*";"CERRADO";"TERMINADO";6;"P26";92;"ATENCION RECLAMO DOMICILIO";" 13056 "
"NO";"NO";"*";"*";"CERRADO";"TERMINADO";8;"L09";13;"ATENCION RECLAMO DOMICILIO";" 13056 "
"NO";"NO";"*";"*";"CERRADO";"TERMINADO";6;"I01";89;"ATENCION RECLAMO DOMICILIO";" 13056 "
"NO";"NO";"*";"*";"CERRADO";"TERMINADO";6;"A02";67;"ATENCION RECLAMO DOMICILIO";" 13056 "
"SI";"SI";"*";"*";"CERRADO";"TERMINADO";8;"P22";0;"VISITA SIN ACTUACION (FALSA ALARMA)";" 7616 "
"SI";"SI";"*";"*";"CERRADO";"PROVISORIO";4;"S03";89;"VISITA SIN ACTUACION (FALSA ALARMA)";" 7616 "
"SI";"SI";"*";"*";"CERRADO";"TERMINADO";2;"Z01";29;"VISITA SIN ACTUACION (FALSA ALARMA)";" 7616 "
"SI";"SI";"*";"*";"CERRADO";"TERMINADO";1;"Z01";29;"VISITA SIN ACTUACION (FALSA ALARMA)";" 7616 "
"SI";"SI";"*";"*";"CERRADO";"TERMINADO";5;"C10";85;"VISITA SIN ACTUACION (FALSA ALARMA)";" 7616 "
"SI";"SI";"*";"*";"CERRADO";"TERMINADO";9;"L04";26;"VISITA SIN ACTUACION (FALSA ALARMA)";" 7616 "
"SI";"SI";"*";"*";"CERRADO";"TERMINADO";3;"T15";85;"VISITA SIN ACTUACION (FALSA ALARMA)";" 7616 "
"SI";"SI";"*";"*";"CERRADO";"TERMINADO";6;"A02";12;"VISITA SIN ACTUACION (FALSA ALARMA)";" 7616 "
"SI";"SI";"*";"*";"CERRADO";"TERMINADO";7;"D02";89;"VISITA SIN ACTUACION (FALSA ALARMA)";" 7616 "
"SI";"SI";"*";"*";"CERRADO";"TERMINADO";4;"T12";85;"VISITA SIN ACTUACION (FALSA ALARMA)";" 7616 "
"SI";"SI";"*";"*";"CERRADO";"TERMINADO";4;"T20";85;"VISITA SIN ACTUACION (FALSA ALARMA)";" 7616 "
"SI";"SI";"*";"*";"CERRADO";"TERMINADO";6;"A01";85;"VISITA SIN ACTUACION (FALSA ALARMA)";" 7616 "
"SI";"SI";"*";"*";"CERRADO";"TERMINADO";3;"T20";85;"VISITA SIN ACTUACION (FALSA ALARMA)";" 7616 "
"SI";"SI";"*";"*";"CERRADO";"TERMINADO";5;"S03";85;"VISITA SIN ACTUACION (FALSA ALARMA)";" 7616 "
"SI";"SI";"*";"*";"CERRADO";"TERMINADO";4;"L08";85;"VISITA SIN ACTUACION (FALSA ALARMA)";" 7616 "
"SI";"SI";"*";"*";"CERRADO";"TERMINADO";6;"A02";3;"VISITA SIN ACTUACION (FALSA ALARMA)";" 7616 "
"SI";"SI";"*";"*";"CERRADO";"TERMINADO";6;"A01";74;"VISITA SIN ACTUACION (FALSA ALARMA)";" 7616 "
