"BAREMO";"PRECIO";"COD ELEMENTO AVERIADO";"DESCRIPCION ELEMENTO AVERIADO";"CODIGO AMBITO";"DESCRIPCION AMBITO";"COD CONDICION";"DESCRIPCION CONDICION";"Eventos_Averiados.ESTADO";"CODIGOS"
"ATENCION RECLAMO DOMICILIO";" $ 12.800 ";"C07";"CAJA EMP. MONOFASICA";7;"Cliente Subterráneo";5;"ABIERTO";"T";"7C0705"
"ATENCION RECLAMO DOMICILIO";" $ 12.800 ";"C38";"CAJA DE CONEXIONES";9;"Otra Empresa";5;"ABIERTO";"T";"9C3805"
"ATENCION RECLAMO DOMICILIO";" $ 12.800 ";"C07";"CAJA EMP. MONOFASICA";6;"Cliente Aéreo";5;"ABIERTO";"T";"6C0705"
"ATENCION RECLAMO DOMICILIO";" $ 12.800 ";"T04";"TAPA CAJA EMP.";7;"Cliente Subterráneo";5;"ABIERTO";"T";"7T0405"
"ATENCION RECLAMO DOMICILIO";" $ 12.800 ";"T04";"TAPA CAJA EMP.";6;"Cliente Aéreo";5;"ABIERTO";"T";"6T0405"
"ATENCION RECLAMO DOMICILIO";" $ 12.800 ";"A01";"ACOMETIDA";6;"Cliente Aéreo";3;"AISLADO-A";"T";"6A0103"
"ATENCION RECLAMO DOMICILIO";" $ 12.800 ";"F01";"FASE";6;"Cliente Aéreo";3;"AISLADO-A";"T";"6F0103"
"ATENCION RECLAMO DOMICILIO";" $ 12.800 ";"L06";"LINEA PARTICULAR";6;"Cliente Aéreo";3;"AISLADO-A";"T";"6L0603"
"ATENCION RECLAMO DOMICILIO";" $ 12.800 ";"C02";"CABLE EMPALME";7;"Cliente Subterráneo";3;"AISLADO-A";"T";"7C0203"
"ATENCION RECLAMO DOMICILIO";" $ 12.800 ";"A02";"ACOMETIDA CONCEN";8;"Alumbrado Público";3;"AISLADO-A";"T";"8A0203"
"ATENCION RECLAMO DOMICILIO";" $ 12.800 ";"C01";"CABLE DE DISTRIBUCION";8;"Alumbrado Público";3;"AISLADO-A";"T";"8C0103"
"ATENCION RECLAMO DOMICILIO";" $ 12.800 ";"L08";"LINEA DIST. P/ENS. (CALPE)";8;"Alumbrado Público";3;"AISLADO-A";"T";"8L0803"
"ATENCION RECLAMO DOMICILIO";" $ 12.800 ";"T01";"TABLERO CLTE.";7;"Cliente Subterráneo";3;"AISLADO-A";"T";"7T0103"
"ATENCION RECLAMO DOMICILIO";" $ 12.800 ";"L02";"LINEA DE DISTRIBUCION";8;"Alumbrado Público";3;"AISLADO-A";"T";"8L0203"
"ATENCION RECLAMO DOMICILIO";" $ 12.800 ";"P21";"POSTE ORNAMENTAL";8;"Alumbrado Público";3;"AISLADO-A";"T";"8P2103"
"ATENCION RECLAMO DOMICILIO";" $ 12.800 ";"P22";"POSTE METALICO  DE AP";8;"Alumbrado Público";3;"AISLADO-A";"T";"8P2203"
"ATENCION RECLAMO DOMICILIO";" $ 12.800 ";"L09";"LUMINARIA";8;"Alumbrado Público";3;"AISLADO-A";"T";"8L0903"
"ATENCION RECLAMO DOMICILIO";" $ 12.800 ";"L04";"LINEA APOYADA OTRA EMPR.";9;"Otra Empresa";3;"AISLADO-A";"T";"9L0403"
"ATENCION RECLAMO DOMICILIO";" $ 12.800 ";"A02";"ACOMETIDA CONCEN";6;"Cliente Aéreo";3;"AISLADO-A";"T";"6A0203"
"ATENCION RECLAMO DOMICILIO";" $ 12.800 ";"L02";"LINEA DE DISTRIBUCION";9;"Otra Empresa";3;"AISLADO-A";"T";"9L0203"
"ATENCION RECLAMO DOMICILIO";" $ 12.800 ";"L09";"LUMINARIA";8;"Alumbrado Público";6;"APAGADO";"T";"8L0906"
"ATENCION RECLAMO DOMICILIO";" $ 12.800 ";"D02";"DOMICILIO";6;"Cliente Aéreo";8;"BAJO VOLTAJE";"T";"6D0208"
"ATENCION RECLAMO DOMICILIO";" $ 12.800 ";"P43";"POSTE DE PASO DE ACOMETIDA";6;"Cliente Aéreo";10;"CAIDO-A";"T";"6P4310"
"ATENCION RECLAMO DOMICILIO";" $ 12.800 ";"P22";"POSTE METALICO  DE AP";8;"Alumbrado Público";11;"CHOCADO";"T";"8P2211"
"ATENCION RECLAMO DOMICILIO";" $ 12.800 ";"P19";"POSTE OTRA EMPRESA";9;"Otra Empresa";11;"CHOCADO";"T";"9P1911"
"ATENCION RECLAMO DOMICILIO";" $ 12.800 ";"P43";"POSTE DE PASO DE ACOMETIDA";6;"Cliente Aéreo";12;"CON RAMAS";"T";"6P4312"
"ATENCION RECLAMO DOMICILIO";" $ 12.800 ";"L02";"LINEA DE DISTRIBUCION";8;"Alumbrado Público";12;"CON RAMAS";"T";"8L0212"
"ATENCION RECLAMO DOMICILIO";" $ 12.800 ";"A01";"ACOMETIDA";6;"Cliente Aéreo";12;"CON RAMAS";"T";"6A0112"
"ATENCION RECLAMO DOMICILIO";" $ 12.800 ";"L04";"LINEA APOYADA OTRA EMPR.";9;"Otra Empresa";12;"CON RAMAS";"T";"9L0412"
"ATENCION RECLAMO DOMICILIO";" $ 12.800 ";"L02";"LINEA DE DISTRIBUCION";9;"Otra Empresa";12;"CON RAMAS";"T";"9L0212"
"ATENCION RECLAMO DOMICILIO";" $ 12.800 ";"A02";"ACOMETIDA CONCEN";6;"Cliente Aéreo";12;"CON RAMAS";"T";"6A0212"
"ATENCION RECLAMO DOMICILIO";" $ 12.800 ";"L09";"LUMINARIA";8;"Alumbrado Público";13;"CON RUIDO";"T";"8L0913"
"ATENCION RECLAMO DOMICILIO";" $ 12.800 ";"M01";"MEDIDOR";6;"Cliente Aéreo";13;"CON RUIDO";"T";"6M0113"
"ATENCION RECLAMO DOMICILIO";" $ 12.800 ";"A02";"ACOMETIDA CONCEN";6;"Cliente Aéreo";14;"CONECTO-AR";"T";"6A0214"
"ATENCION RECLAMO DOMICILIO";" $ 12.800 ";"P10";"PLACA LOZA 25 AMP.";6;"Cliente Aéreo";19;"CONEXIÓN FUNDIDA";"T";"6P1019"
"ATENCION RECLAMO DOMICILIO";" $ 12.800 ";"U01";"UNION A TABLERO";7;"Cliente Subterráneo";19;"CONEXIÓN FUNDIDA";"T";"7U0119"
"ATENCION RECLAMO DOMICILIO";" $ 12.800 ";"L09";"LUMINARIA";8;"Alumbrado Público";19;"CONEXIÓN FUNDIDA";"T";"8L0919"
"ATENCION RECLAMO DOMICILIO";" $ 12.800 ";"A01";"ACOMETIDA";6;"Cliente Aéreo";19;"CONEXIÓN FUNDIDA";"T";"6A0119"
"ATENCION RECLAMO DOMICILIO";" $ 12.800 ";"C30";"CHICOTE CAJA EMP.";6;"Cliente Aéreo";19;"CONEXIÓN FUNDIDA";"T";"6C3019"
"ATENCION RECLAMO DOMICILIO";" $ 12.800 ";"F01";"FASE";6;"Cliente Aéreo";19;"CONEXIÓN FUNDIDA";"T";"6F0119"
"ATENCION RECLAMO DOMICILIO";" $ 12.800 ";"U01";"UNION A TABLERO";6;"Cliente Aéreo";19;"CONEXIÓN FUNDIDA";"T";"6U0119"
"ATENCION RECLAMO DOMICILIO";" $ 12.800 ";"A02";"ACOMETIDA CONCEN";6;"Cliente Aéreo";19;"CONEXIÓN FUNDIDA";"T";"6A0219"
"ATENCION RECLAMO DOMICILIO";" $ 12.800 ";"P25";"PROTECC EMP. 220V";6;"Cliente Aéreo";15;"CONEXIÓN SUELTA";"T";"6P2515"
"ATENCION RECLAMO DOMICILIO";" $ 12.800 ";"P25";"PROTECC EMP. 220V";7;"Cliente Subterráneo";15;"CONEXIÓN SUELTA";"T";"7P2515"
"ATENCION RECLAMO DOMICILIO";" $ 12.800 ";"U01";"UNION A TABLERO";7;"Cliente Subterráneo";15;"CONEXIÓN SUELTA";"T";"7U0115"
"ATENCION RECLAMO DOMICILIO";" $ 12.800 ";"L09";"LUMINARIA";8;"Alumbrado Público";15;"CONEXIÓN SUELTA";"T";"8L0915"
"ATENCION RECLAMO DOMICILIO";" $ 12.800 ";"C30";"CHICOTE CAJA EMP.";7;"Cliente Subterráneo";15;"CONEXIÓN SUELTA";"T";"7C3015"
"ATENCION RECLAMO DOMICILIO";" $ 12.800 ";"A01";"ACOMETIDA";6;"Cliente Aéreo";15;"CONEXIÓN SUELTA";"T";"6A0115"
"ATENCION RECLAMO DOMICILIO";" $ 12.800 ";"C30";"CHICOTE CAJA EMP.";6;"Cliente Aéreo";15;"CONEXIÓN SUELTA";"T";"6C3015"
"ATENCION RECLAMO DOMICILIO";" $ 12.800 ";"B01";"BAJADA EMPALME";6;"Cliente Aéreo";15;"CONEXIÓN SUELTA";"T";"6B0115"
"ATENCION RECLAMO DOMICILIO";" $ 12.800 ";"N01";"NEUTRO";6;"Cliente Aéreo";15;"CONEXIÓN SUELTA";"T";"6N0115"
"ATENCION RECLAMO DOMICILIO";" $ 12.800 ";"U01";"UNION A TABLERO";6;"Cliente Aéreo";15;"CONEXIÓN SUELTA";"T";"6U0115"
"ATENCION RECLAMO DOMICILIO";" $ 12.800 ";"F01";"FASE";6;"Cliente Aéreo";15;"CONEXIÓN SUELTA";"T";"6F0115"
"ATENCION RECLAMO DOMICILIO";" $ 12.800 ";"A02";"ACOMETIDA CONCEN";6;"Cliente Aéreo";15;"CONEXIÓN SUELTA";"T";"6A0215"
"ATENCION RECLAMO DOMICILIO";" $ 12.800 ";"B01";"BAJADA EMPALME";6;"Cliente Aéreo";16;"CORTADO-A";"T";"6B0116"
"ATENCION RECLAMO DOMICILIO";" $ 12.800 ";"N01";"NEUTRO";6;"Cliente Aéreo";16;"CORTADO-A";"T";"6N0116"
"ATENCION RECLAMO DOMICILIO";" $ 12.800 ";"L08";"LINEA DIST. P/ENS. (CALPE)";8;"Alumbrado Público";16;"CORTADO-A";"T";"8L0816"
"ATENCION RECLAMO DOMICILIO";" $ 12.800 ";"L06";"LINEA PARTICULAR";9;"Otra Empresa";16;"CORTADO-A";"T";"9L0616"
"ATENCION RECLAMO DOMICILIO";" $ 12.800 ";"L02";"LINEA DE DISTRIBUCION";8;"Alumbrado Público";16;"CORTADO-A";"T";"8L0216"
"ATENCION RECLAMO DOMICILIO";" $ 12.800 ";"L02";"LINEA DE DISTRIBUCION";9;"Otra Empresa";16;"CORTADO-A";"T";"9L0216"
"ATENCION RECLAMO DOMICILIO";" $ 12.800 ";"A01";"ACOMETIDA";6;"Cliente Aéreo";16;"CORTADO-A";"T";"6A0116"
"ATENCION RECLAMO DOMICILIO";" $ 12.800 ";"L04";"LINEA APOYADA OTRA EMPR.";9;"Otra Empresa";16;"CORTADO-A";"T";"9L0416"
"ATENCION RECLAMO DOMICILIO";" $ 12.800 ";"A02";"ACOMETIDA CONCEN";6;"Cliente Aéreo";16;"CORTADO-A";"T";"6A0216"
"ATENCION RECLAMO DOMICILIO";" $ 12.800 ";"F01";"FASE";6;"Cliente Aéreo";17;"CORTO-CIRCUITO";"T";"6F0117"
"ATENCION RECLAMO DOMICILIO";" $ 12.800 ";"N01";"NEUTRO";6;"Cliente Aéreo";17;"CORTO-CIRCUITO";"T";"6N0117"
"ATENCION RECLAMO DOMICILIO";" $ 12.800 ";"L02";"LINEA DE DISTRIBUCION";9;"Otra Empresa";17;"CORTO-CIRCUITO";"T";"9L0217"
"ATENCION RECLAMO DOMICILIO";" $ 12.800 ";"A01";"ACOMETIDA";6;"Cliente Aéreo";17;"CORTO-CIRCUITO";"T";"6A0117"
"ATENCION RECLAMO DOMICILIO";" $ 12.800 ";"L06";"LINEA PARTICULAR";6;"Cliente Aéreo";17;"CORTO-CIRCUITO";"T";"6L0617"
"ATENCION RECLAMO DOMICILIO";" $ 12.800 ";"U01";"UNION A TABLERO";7;"Cliente Subterráneo";17;"CORTO-CIRCUITO";"T";"7U0117"
"ATENCION RECLAMO DOMICILIO";" $ 12.800 ";"L09";"LUMINARIA";8;"Alumbrado Público";17;"CORTO-CIRCUITO";"T";"8L0917"
"ATENCION RECLAMO DOMICILIO";" $ 12.800 ";"U01";"UNION A TABLERO";6;"Cliente Aéreo";17;"CORTO-CIRCUITO";"T";"6U0117"
"ATENCION RECLAMO DOMICILIO";" $ 12.800 ";"B01";"BAJADA EMPALME";6;"Cliente Aéreo";17;"CORTO-CIRCUITO";"T";"6B0117"
"ATENCION RECLAMO DOMICILIO";" $ 12.800 ";"L02";"LINEA DE DISTRIBUCION";8;"Alumbrado Público";17;"CORTO-CIRCUITO";"T";"8L0217"
"ATENCION RECLAMO DOMICILIO";" $ 12.800 ";"A02";"ACOMETIDA CONCEN";6;"Cliente Aéreo";17;"CORTO-CIRCUITO";"T";"6A0217"
"ATENCION RECLAMO DOMICILIO";" $ 12.800 ";"A01";"ACOMETIDA";6;"Cliente Aéreo";18;"CRUZADO";"T";"6A0118"
"ATENCION RECLAMO DOMICILIO";" $ 12.800 ";"A01";"ACOMETIDA";6;"Cliente Aéreo";21;"DESAPARECIDO-A";"T";"6A0121"
"ATENCION RECLAMO DOMICILIO";" $ 12.800 ";"B09";"BLOCK DE PRUEBA (220V)";6;"Cliente Aéreo";21;"DESAPARECIDO-A";"T";"6B0921"
"ATENCION RECLAMO DOMICILIO";" $ 12.800 ";"T06";"TAPA DE CAMARILLA";9;"Otra Empresa";21;"DESAPARECIDO-A";"T";"9T0621"
"ATENCION RECLAMO DOMICILIO";" $ 12.800 ";"E03";"EXTENSION METALICA DE EMPALME";6;"Cliente Aéreo";21;"DESAPARECIDO-A";"T";"6E0321"
"ATENCION RECLAMO DOMICILIO";" $ 12.800 ";"A02";"ACOMETIDA CONCEN";6;"Cliente Aéreo";21;"DESAPARECIDO-A";"T";"6A0221"
"ATENCION RECLAMO DOMICILIO";" $ 12.800 ";"P25";"PROTECC EMP. 220V";6;"Cliente Aéreo";21;"DESAPARECIDO-A";"T";"6P2521"
"ATENCION RECLAMO DOMICILIO";" $ 12.800 ";"P25";"PROTECC EMP. 220V";7;"Cliente Subterráneo";21;"DESAPARECIDO-A";"T";"7P2521"
"ATENCION RECLAMO DOMICILIO";" $ 12.800 ";"A01";"ACOMETIDA";6;"Cliente Aéreo";29;"DESCONECTADO";"T";"6A0129"
"ATENCION RECLAMO DOMICILIO";" $ 12.800 ";"B01";"BAJADA EMPALME";6;"Cliente Aéreo";29;"DESCONECTADO";"T";"6B0129"
"ATENCION RECLAMO DOMICILIO";" $ 12.800 ";"C02";"CABLE EMPALME";7;"Cliente Subterráneo";29;"DESCONECTADO";"T";"7C0229"
"ATENCION RECLAMO DOMICILIO";" $ 12.800 ";"L02";"LINEA DE DISTRIBUCION";8;"Alumbrado Público";29;"DESCONECTADO";"T";"8L0229"
"ATENCION RECLAMO DOMICILIO";" $ 12.800 ";"P26";"PROTECC EMP. 380V";6;"Cliente Aéreo";29;"DESCONECTADO";"T";"6P2629"
"ATENCION RECLAMO DOMICILIO";" $ 12.800 ";"A02";"ACOMETIDA CONCEN";6;"Cliente Aéreo";29;"DESCONECTADO";"T";"6A0229"
"ATENCION RECLAMO DOMICILIO";" $ 12.800 ";"P25";"PROTECC EMP. 220V";7;"Cliente Subterráneo";29;"DESCONECTADO";"T";"7P2529"
"ATENCION RECLAMO DOMICILIO";" $ 12.800 ";"P25";"PROTECC EMP. 220V";6;"Cliente Aéreo";29;"DESCONECTADO";"T";"6P2529"
"ATENCION RECLAMO DOMICILIO";" $ 12.800 ";"A02";"ACOMETIDA CONCEN";6;"Cliente Aéreo";22;"DESCONECTO-AR";"T";"6A0222"
"ATENCION RECLAMO DOMICILIO";" $ 12.800 ";"B01";"BAJADA EMPALME";6;"Cliente Aéreo";25;"DESPRENDIDO";"T";"6B0125"
"ATENCION RECLAMO DOMICILIO";" $ 12.800 ";"L02";"LINEA DE DISTRIBUCION";9;"Otra Empresa";25;"DESPRENDIDO";"T";"9L0225"
"ATENCION RECLAMO DOMICILIO";" $ 12.800 ";"R01";"RACK EMP.";6;"Cliente Aéreo";25;"DESPRENDIDO";"T";"6R0125"
"ATENCION RECLAMO DOMICILIO";" $ 12.800 ";"N01";"NEUTRO";6;"Cliente Aéreo";25;"DESPRENDIDO";"T";"6N0125"
"ATENCION RECLAMO DOMICILIO";" $ 12.800 ";"C07";"CAJA EMP. MONOFASICA";6;"Cliente Aéreo";25;"DESPRENDIDO";"T";"6C0725"
"ATENCION RECLAMO DOMICILIO";" $ 12.800 ";"M01";"MEDIDOR";6;"Cliente Aéreo";25;"DESPRENDIDO";"T";"6M0125"
"ATENCION RECLAMO DOMICILIO";" $ 12.800 ";"E03";"EXTENSION METALICA DE EMPALME";6;"Cliente Aéreo";25;"DESPRENDIDO";"T";"6E0325"
"ATENCION RECLAMO DOMICILIO";" $ 12.800 ";"A01";"ACOMETIDA";6;"Cliente Aéreo";25;"DESPRENDIDO";"T";"6A0125"
"ATENCION RECLAMO DOMICILIO";" $ 12.800 ";"A02";"ACOMETIDA CONCEN";6;"Cliente Aéreo";25;"DESPRENDIDO";"T";"6A0225"
"ATENCION RECLAMO DOMICILIO";" $ 12.800 ";"L06";"LINEA PARTICULAR";6;"Cliente Aéreo";26;"DESTEMPLADO";"T";"6L0626"
"ATENCION RECLAMO DOMICILIO";" $ 12.800 ";"A01";"ACOMETIDA";6;"Cliente Aéreo";26;"DESTEMPLADO";"T";"6A0126"
"ATENCION RECLAMO DOMICILIO";" $ 12.800 ";"L04";"LINEA APOYADA OTRA EMPR.";9;"Otra Empresa";26;"DESTEMPLADO";"T";"9L0426"
"ATENCION RECLAMO DOMICILIO";" $ 12.800 ";"L02";"LINEA DE DISTRIBUCION";9;"Otra Empresa";26;"DESTEMPLADO";"T";"9L0226"
"ATENCION RECLAMO DOMICILIO";" $ 12.800 ";"A02";"ACOMETIDA CONCEN";6;"Cliente Aéreo";26;"DESTEMPLADO";"T";"6A0226"
"ATENCION RECLAMO DOMICILIO";" $ 12.800 ";"T04";"TAPA CAJA EMP.";6;"Cliente Aéreo";27;"DESTROZADO";"T";"6T0427"
"ATENCION RECLAMO DOMICILIO";" $ 12.800 ";"D02";"DOMICILIO";6;"Cliente Aéreo";31;"ELECTRIZADO-A";"T";"6D0231"
"ATENCION RECLAMO DOMICILIO";" $ 12.800 ";"D02";"DOMICILIO";7;"Cliente Subterráneo";31;"ELECTRIZADO-A";"T";"7D0231"
"ATENCION RECLAMO DOMICILIO";" $ 12.800 ";"L09";"LUMINARIA";8;"Alumbrado Público";31;"ELECTRIZADO-A";"T";"8L0931"
"ATENCION RECLAMO DOMICILIO";" $ 12.800 ";"I01";"IND. O EDIFICIO";6;"Cliente Aéreo";45;"FALLA EN INSTALACION CLIENTE";"T";"6I0145"
"ATENCION RECLAMO DOMICILIO";" $ 12.800 ";"I01";"IND. O EDIFICIO";7;"Cliente Subterráneo";45;"FALLA EN INSTALACION CLIENTE";"T";"7I0145"
"ATENCION RECLAMO DOMICILIO";" $ 12.800 ";"D02";"DOMICILIO";7;"Cliente Subterráneo";45;"FALLA EN INSTALACION CLIENTE";"T";"7D0245"
"ATENCION RECLAMO DOMICILIO";" $ 12.800 ";"D02";"DOMICILIO";6;"Cliente Aéreo";45;"FALLA EN INSTALACION CLIENTE";"T";"6D0245"
"ATENCION RECLAMO DOMICILIO";" $ 12.800 ";"T01";"TABLERO CLTE.";6;"Cliente Aéreo";40;"FALLADO-A";"T";"6T0140"
"ATENCION RECLAMO DOMICILIO";" $ 12.800 ";"U01";"UNION A TABLERO";7;"Cliente Subterráneo";40;"FALLADO-A";"T";"7U0140"
"ATENCION RECLAMO DOMICILIO";" $ 12.800 ";"L09";"LUMINARIA";8;"Alumbrado Público";40;"FALLADO-A";"T";"8L0940"
"ATENCION RECLAMO DOMICILIO";" $ 12.800 ";"B01";"BAJADA EMPALME";6;"Cliente Aéreo";40;"FALLADO-A";"T";"6B0140"
"ATENCION RECLAMO DOMICILIO";" $ 12.800 ";"P26";"PROTECC EMP. 380V";7;"Cliente Subterráneo";40;"FALLADO-A";"T";"7P2640"
"ATENCION RECLAMO DOMICILIO";" $ 12.800 ";"P26";"PROTECC EMP. 380V";6;"Cliente Aéreo";40;"FALLADO-A";"T";"6P2640"
"ATENCION RECLAMO DOMICILIO";" $ 12.800 ";"A02";"ACOMETIDA CONCEN";6;"Cliente Aéreo";40;"FALLADO-A";"T";"6A0240"
"ATENCION RECLAMO DOMICILIO";" $ 12.800 ";"P25";"PROTECC EMP. 220V";7;"Cliente Subterráneo";40;"FALLADO-A";"T";"7P2540"
"ATENCION RECLAMO DOMICILIO";" $ 12.800 ";"P25";"PROTECC EMP. 220V";6;"Cliente Aéreo";40;"FALLADO-A";"T";"6P2540"
"ATENCION RECLAMO DOMICILIO";" $ 12.800 ";"C10";"CAMARILLA";9;"Otra Empresa";41;"FILTRACION DE AGUA";"T";"9C1041"
"ATENCION RECLAMO DOMICILIO";" $ 12.800 ";"B08";"BLOCK DE CONEX  (220V)";6;"Cliente Aéreo";43;"FUNDIDO-A";"T";"6B0843"
"ATENCION RECLAMO DOMICILIO";" $ 12.800 ";"C30";"CHICOTE CAJA EMP.";7;"Cliente Subterráneo";43;"FUNDIDO-A";"T";"7C3043"
"ATENCION RECLAMO DOMICILIO";" $ 12.800 ";"F01";"FASE";7;"Cliente Subterráneo";43;"FUNDIDO-A";"T";"7F0143"
"ATENCION RECLAMO DOMICILIO";" $ 12.800 ";"N01";"NEUTRO";7;"Cliente Subterráneo";43;"FUNDIDO-A";"T";"7N0143"
"ATENCION RECLAMO DOMICILIO";" $ 12.800 ";"P26";"PROTECC EMP. 380V";6;"Cliente Aéreo";43;"FUNDIDO-A";"T";"6P2643"
"ATENCION RECLAMO DOMICILIO";" $ 12.800 ";"P10";"PLACA LOZA 25 AMP.";6;"Cliente Aéreo";43;"FUNDIDO-A";"T";"6P1043"
"ATENCION RECLAMO DOMICILIO";" $ 12.800 ";"P26";"PROTECC EMP. 380V";7;"Cliente Subterráneo";43;"FUNDIDO-A";"T";"7P2643"
"ATENCION RECLAMO DOMICILIO";" $ 12.800 ";"U01";"UNION A TABLERO";7;"Cliente Subterráneo";43;"FUNDIDO-A";"T";"7U0143"
"ATENCION RECLAMO DOMICILIO";" $ 12.800 ";"N01";"NEUTRO";6;"Cliente Aéreo";43;"FUNDIDO-A";"T";"6N0143"
"ATENCION RECLAMO DOMICILIO";" $ 12.800 ";"A02";"ACOMETIDA CONCEN";6;"Cliente Aéreo";43;"FUNDIDO-A";"T";"6A0243"
"ATENCION RECLAMO DOMICILIO";" $ 12.800 ";"C30";"CHICOTE CAJA EMP.";6;"Cliente Aéreo";43;"FUNDIDO-A";"T";"6C3043"
"ATENCION RECLAMO DOMICILIO";" $ 12.800 ";"P25";"PROTECC EMP. 220V";7;"Cliente Subterráneo";43;"FUNDIDO-A";"T";"7P2543"
"ATENCION RECLAMO DOMICILIO";" $ 12.800 ";"U01";"UNION A TABLERO";6;"Cliente Aéreo";43;"FUNDIDO-A";"T";"6U0143"
"ATENCION RECLAMO DOMICILIO";" $ 12.800 ";"F01";"FASE";6;"Cliente Aéreo";43;"FUNDIDO-A";"T";"6F0143"
"ATENCION RECLAMO DOMICILIO";" $ 12.800 ";"P25";"PROTECC EMP. 220V";6;"Cliente Aéreo";43;"FUNDIDO-A";"T";"6P2543"
"ATENCION RECLAMO DOMICILIO";" $ 12.800 ";"E03";"EXTENSION METALICA DE EMPALME";6;"Cliente Aéreo";48;"INCLINADO";"T";"6E0348"
"ATENCION RECLAMO DOMICILIO";" $ 12.800 ";"P43";"POSTE DE PASO DE ACOMETIDA";6;"Cliente Aéreo";48;"INCLINADO";"T";"6P4348"
"ATENCION RECLAMO DOMICILIO";" $ 12.800 ";"P21";"POSTE ORNAMENTAL";8;"Alumbrado Público";48;"INCLINADO";"T";"8P2148"
"ATENCION RECLAMO DOMICILIO";" $ 12.800 ";"P19";"POSTE OTRA EMPRESA";9;"Otra Empresa";48;"INCLINADO";"T";"9P1948"
"ATENCION RECLAMO DOMICILIO";" $ 12.800 ";"P16";"POSTE DISTRIBUCION";9;"Otra Empresa";48;"INCLINADO";"T";"9P1648"
"ATENCION RECLAMO DOMICILIO";" $ 12.800 ";"L09";"LUMINARIA";8;"Alumbrado Público";49;"INTERMITENCIA";"T";"8L0949"
"ATENCION RECLAMO DOMICILIO";" $ 12.800 ";"C09";"CAMARA";8;"Alumbrado Público";51;"INUNDADO";"T";"8C0951"
"ATENCION RECLAMO DOMICILIO";" $ 12.800 ";"C07";"CAJA EMP. MONOFASICA";6;"Cliente Aéreo";54;"MAL ESTADO";"T";"6C0754"
"ATENCION RECLAMO DOMICILIO";" $ 12.800 ";"C30";"CHICOTE CAJA EMP.";6;"Cliente Aéreo";54;"MAL ESTADO";"T";"6C3054"
"ATENCION RECLAMO DOMICILIO";" $ 12.800 ";"P42";"POSTE APOYO DE MEDIDOR";6;"Cliente Aéreo";54;"MAL ESTADO";"T";"6P4254"
"ATENCION RECLAMO DOMICILIO";" $ 12.800 ";"T01";"TABLERO CLTE.";6;"Cliente Aéreo";54;"MAL ESTADO";"T";"6T0154"
"ATENCION RECLAMO DOMICILIO";" $ 12.800 ";"P25";"PROTECC EMP. 220V";7;"Cliente Subterráneo";54;"MAL ESTADO";"T";"7P2554"
"ATENCION RECLAMO DOMICILIO";" $ 12.800 ";"P33";"PUENTE BLOCK PRUEBA (220V)";7;"Cliente Subterráneo";54;"MAL ESTADO";"T";"7P3354"
"ATENCION RECLAMO DOMICILIO";" $ 12.800 ";"T06";"TAPA DE CAMARILLA";9;"Otra Empresa";54;"MAL ESTADO";"T";"9T0654"
"ATENCION RECLAMO DOMICILIO";" $ 12.800 ";"A01";"ACOMETIDA";6;"Cliente Aéreo";54;"MAL ESTADO";"T";"6A0154"
"ATENCION RECLAMO DOMICILIO";" $ 12.800 ";"P10";"PLACA LOZA 25 AMP.";6;"Cliente Aéreo";54;"MAL ESTADO";"T";"6P1054"
"ATENCION RECLAMO DOMICILIO";" $ 12.800 ";"P25";"PROTECC EMP. 220V";6;"Cliente Aéreo";54;"MAL ESTADO";"T";"6P2554"
"ATENCION RECLAMO DOMICILIO";" $ 12.800 ";"P43";"POSTE DE PASO DE ACOMETIDA";6;"Cliente Aéreo";54;"MAL ESTADO";"T";"6P4354"
"ATENCION RECLAMO DOMICILIO";" $ 12.800 ";"T04";"TAPA CAJA EMP.";7;"Cliente Subterráneo";54;"MAL ESTADO";"T";"7T0454"
"ATENCION RECLAMO DOMICILIO";" $ 12.800 ";"A02";"ACOMETIDA CONCEN";6;"Cliente Aéreo";54;"MAL ESTADO";"T";"6A0254"
"ATENCION RECLAMO DOMICILIO";" $ 12.800 ";"E03";"EXTENSION METALICA DE EMPALME";6;"Cliente Aéreo";54;"MAL ESTADO";"T";"6E0354"
"ATENCION RECLAMO DOMICILIO";" $ 12.800 ";"T04";"TAPA CAJA EMP.";6;"Cliente Aéreo";54;"MAL ESTADO";"T";"6T0454"
"ATENCION RECLAMO DOMICILIO";" $ 12.800 ";"D02";"DOMICILIO";7;"Cliente Subterráneo";59;"NO ATENDIDO";"T";"7D0259"
"ATENCION RECLAMO DOMICILIO";" $ 12.800 ";"A01";"ACOMETIDA";6;"Cliente Aéreo";60;"NO CORRESPONDE A LA COMPAÑIA";"T";"6A0160"
"ATENCION RECLAMO DOMICILIO";" $ 12.800 ";"P25";"PROTECC EMP. 220V";7;"Cliente Subterráneo";60;"NO CORRESPONDE A LA COMPAÑIA";"T";"7P2560"
"ATENCION RECLAMO DOMICILIO";" $ 12.800 ";"A01";"ACOMETIDA";6;"Cliente Aéreo";61;"NO NORMALIZADO";"T";"6A0161"
"ATENCION RECLAMO DOMICILIO";" $ 12.800 ";"M01";"MEDIDOR";6;"Cliente Aéreo";61;"NO NORMALIZADO";"T";"6M0161"
"ATENCION RECLAMO DOMICILIO";" $ 12.800 ";"P26";"PROTECC EMP. 380V";6;"Cliente Aéreo";61;"NO NORMALIZADO";"T";"6P2661"
"ATENCION RECLAMO DOMICILIO";" $ 12.800 ";"P43";"POSTE DE PASO DE ACOMETIDA";6;"Cliente Aéreo";61;"NO NORMALIZADO";"T";"6P4361"
"ATENCION RECLAMO DOMICILIO";" $ 12.800 ";"P26";"PROTECC EMP. 380V";7;"Cliente Subterráneo";61;"NO NORMALIZADO";"T";"7P2661"
"ATENCION RECLAMO DOMICILIO";" $ 12.800 ";"L09";"LUMINARIA";8;"Alumbrado Público";61;"NO NORMALIZADO";"T";"8L0961"
"ATENCION RECLAMO DOMICILIO";" $ 12.800 ";"L04";"LINEA APOYADA OTRA EMPR.";9;"Otra Empresa";61;"NO NORMALIZADO";"T";"9L0461"
"ATENCION RECLAMO DOMICILIO";" $ 12.800 ";"A02";"ACOMETIDA CONCEN";6;"Cliente Aéreo";61;"NO NORMALIZADO";"T";"6A0261"
"ATENCION RECLAMO DOMICILIO";" $ 12.800 ";"P25";"PROTECC EMP. 220V";7;"Cliente Subterráneo";61;"NO NORMALIZADO";"T";"7P2561"
"ATENCION RECLAMO DOMICILIO";" $ 12.800 ";"P25";"PROTECC EMP. 220V";6;"Cliente Aéreo";61;"NO NORMALIZADO";"T";"6P2561"
"ATENCION RECLAMO DOMICILIO";" $ 12.800 ";"P26";"PROTECC EMP. 380V";7;"Cliente Subterráneo";62;"NO OPERATIVO";"T";"7P2662"
"ATENCION RECLAMO DOMICILIO";" $ 12.800 ";"P26";"PROTECC EMP. 380V";6;"Cliente Aéreo";62;"NO OPERATIVO";"T";"6P2662"
"ATENCION RECLAMO DOMICILIO";" $ 12.800 ";"P25";"PROTECC EMP. 220V";7;"Cliente Subterráneo";62;"NO OPERATIVO";"T";"7P2562"
"ATENCION RECLAMO DOMICILIO";" $ 12.800 ";"P25";"PROTECC EMP. 220V";6;"Cliente Aéreo";62;"NO OPERATIVO";"T";"6P2562"
"ATENCION RECLAMO DOMICILIO";" $ 12.800 ";"P25";"PROTECC EMP. 220V";6;"Cliente Aéreo";64;"NO RESISTE";"T";"6P2564"
"ATENCION RECLAMO DOMICILIO";" $ 12.800 ";"B09";"BLOCK DE PRUEBA (220V)";6;"Cliente Aéreo";66;"NORMALIZACION";"T";"6B0966"
"ATENCION RECLAMO DOMICILIO";" $ 12.800 ";"C28";"CAJA EMP. TRIFASICA";6;"Cliente Aéreo";66;"NORMALIZACION";"T";"6C2866"
"ATENCION RECLAMO DOMICILIO";" $ 12.800 ";"L14";"LIMITADOR  AEREO (220V)";6;"Cliente Aéreo";66;"NORMALIZACION";"T";"6L1466"
"ATENCION RECLAMO DOMICILIO";" $ 12.800 ";"P15";"PORTA-SELLO";6;"Cliente Aéreo";66;"NORMALIZACION";"T";"6P1566"
"ATENCION RECLAMO DOMICILIO";" $ 12.800 ";"P25";"PROTECC EMP. 220V";6;"Cliente Aéreo";66;"NORMALIZACION";"T";"6P2566"
"ATENCION RECLAMO DOMICILIO";" $ 12.800 ";"P33";"PUENTE BLOCK PRUEBA (220V)";6;"Cliente Aéreo";66;"NORMALIZACION";"T";"6P3366"
"ATENCION RECLAMO DOMICILIO";" $ 12.800 ";"P40";"PLACA LOZA 60 AMP";6;"Cliente Aéreo";66;"NORMALIZACION";"T";"6P4066"
"ATENCION RECLAMO DOMICILIO";" $ 12.800 ";"P51";"PUENTE BLOCK PRUEBA (380V)";6;"Cliente Aéreo";66;"NORMALIZACION";"T";"6P5166"
"ATENCION RECLAMO DOMICILIO";" $ 12.800 ";"R01";"RACK EMP.";6;"Cliente Aéreo";66;"NORMALIZACION";"T";"6R0166"
"ATENCION RECLAMO DOMICILIO";" $ 12.800 ";"R04";"REGLETA CONEX DAE";6;"Cliente Aéreo";66;"NORMALIZACION";"T";"6R0466"
"ATENCION RECLAMO DOMICILIO";" $ 12.800 ";"T22";"TAPA CAJA EMP. HERMETICA";6;"Cliente Aéreo";66;"NORMALIZACION";"T";"6T2266"
"ATENCION RECLAMO DOMICILIO";" $ 12.800 ";"C07";"CAJA EMP. MONOFASICA";7;"Cliente Subterráneo";66;"NORMALIZACION";"T";"7C0766"
"ATENCION RECLAMO DOMICILIO";" $ 12.800 ";"M01";"MEDIDOR";7;"Cliente Subterráneo";66;"NORMALIZACION";"T";"7M0166"
"ATENCION RECLAMO DOMICILIO";" $ 12.800 ";"T04";"TAPA CAJA EMP.";7;"Cliente Subterráneo";66;"NORMALIZACION";"T";"7T0466"
"ATENCION RECLAMO DOMICILIO";" $ 12.800 ";"A02";"ACOMETIDA CONCEN";8;"Alumbrado Público";66;"NORMALIZACION";"T";"8A0266"
"ATENCION RECLAMO DOMICILIO";" $ 12.800 ";"C33";"CONECTOR UDI-I";8;"Alumbrado Público";66;"NORMALIZACION";"T";"8C3366"
"ATENCION RECLAMO DOMICILIO";" $ 12.800 ";"C41";"CONECTOR UDC";8;"Alumbrado Público";66;"NORMALIZACION";"T";"8C4166"
"ATENCION RECLAMO DOMICILIO";" $ 12.800 ";"S03";"SECTOR";8;"Alumbrado Público";66;"NORMALIZACION";"T";"8S0366"
"ATENCION RECLAMO DOMICILIO";" $ 12.800 ";"P40";"PLACA LOZA 60 AMP";7;"Cliente Subterráneo";66;"NORMALIZACION";"T";"7P4066"
"ATENCION RECLAMO DOMICILIO";" $ 12.800 ";"M01";"MEDIDOR";6;"Cliente Aéreo";66;"NORMALIZACION";"T";"6M0166"
"ATENCION RECLAMO DOMICILIO";" $ 12.800 ";"F01";"FASE";8;"Alumbrado Público";66;"NORMALIZACION";"T";"8F0166"
"ATENCION RECLAMO DOMICILIO";" $ 12.800 ";"P49";"PROTECC AP MUNICIPAL";8;"Alumbrado Público";66;"NORMALIZACION";"T";"8P4966"
"ATENCION RECLAMO DOMICILIO";" $ 12.800 ";"L12";"LIMITADOR EN EDIFICIO";7;"Cliente Subterráneo";66;"NORMALIZACION";"T";"7L1266"
"ATENCION RECLAMO DOMICILIO";" $ 12.800 ";"T01";"TABLERO CLTE.";7;"Cliente Subterráneo";66;"NORMALIZACION";"T";"7T0166"
"ATENCION RECLAMO DOMICILIO";" $ 12.800 ";"L05";"LINEA AP MUNICIPAL";8;"Alumbrado Público";66;"NORMALIZACION";"T";"8L0566"
"ATENCION RECLAMO DOMICILIO";" $ 12.800 ";"T01";"TABLERO CLTE.";6;"Cliente Aéreo";66;"NORMALIZACION";"T";"6T0166"
"ATENCION RECLAMO DOMICILIO";" $ 12.800 ";"P25";"PROTECC EMP. 220V";8;"Alumbrado Público";66;"NORMALIZACION";"T";"8P2566"
"ATENCION RECLAMO DOMICILIO";" $ 12.800 ";"P10";"PLACA LOZA 25 AMP.";7;"Cliente Subterráneo";66;"NORMALIZACION";"T";"7P1066"
"ATENCION RECLAMO DOMICILIO";" $ 12.800 ";"N01";"NEUTRO";7;"Cliente Subterráneo";66;"NORMALIZACION";"T";"7N0166"
"ATENCION RECLAMO DOMICILIO";" $ 12.800 ";"F01";"FASE";7;"Cliente Subterráneo";66;"NORMALIZACION";"T";"7F0166"
"ATENCION RECLAMO DOMICILIO";" $ 12.800 ";"L02";"LINEA DE DISTRIBUCION";8;"Alumbrado Público";66;"NORMALIZACION";"T";"8L0266"
"ATENCION RECLAMO DOMICILIO";" $ 12.800 ";"L09";"LUMINARIA";8;"Alumbrado Público";66;"NORMALIZACION";"T";"8L0966"
"ATENCION RECLAMO DOMICILIO";" $ 12.800 ";"L02";"LINEA DE DISTRIBUCION";9;"Otra Empresa";66;"NORMALIZACION";"T";"9L0266"
"ATENCION RECLAMO DOMICILIO";" $ 12.800 ";"P10";"PLACA LOZA 25 AMP.";6;"Cliente Aéreo";66;"NORMALIZACION";"T";"6P1066"
"ATENCION RECLAMO DOMICILIO";" $ 12.800 ";"C30";"CHICOTE CAJA EMP.";7;"Cliente Subterráneo";66;"NORMALIZACION";"T";"7C3066"
"ATENCION RECLAMO DOMICILIO";" $ 12.800 ";"C07";"CAJA EMP. MONOFASICA";6;"Cliente Aéreo";66;"NORMALIZACION";"T";"6C0766"
"ATENCION RECLAMO DOMICILIO";" $ 12.800 ";"U01";"UNION A TABLERO";7;"Cliente Subterráneo";66;"NORMALIZACION";"T";"7U0166"
"ATENCION RECLAMO DOMICILIO";" $ 12.800 ";"T04";"TAPA CAJA EMP.";6;"Cliente Aéreo";66;"NORMALIZACION";"T";"6T0466"
"ATENCION RECLAMO DOMICILIO";" $ 12.800 ";"P26";"PROTECC EMP. 380V";7;"Cliente Subterráneo";66;"NORMALIZACION";"T";"7P2666"
"ATENCION RECLAMO DOMICILIO";" $ 12.800 ";"B01";"BAJADA EMPALME";6;"Cliente Aéreo";66;"NORMALIZACION";"T";"6B0166"
"ATENCION RECLAMO DOMICILIO";" $ 12.800 ";"N01";"NEUTRO";6;"Cliente Aéreo";66;"NORMALIZACION";"T";"6N0166"
"ATENCION RECLAMO DOMICILIO";" $ 12.800 ";"P26";"PROTECC EMP. 380V";6;"Cliente Aéreo";66;"NORMALIZACION";"T";"6P2666"
"ATENCION RECLAMO DOMICILIO";" $ 12.800 ";"C30";"CHICOTE CAJA EMP.";6;"Cliente Aéreo";66;"NORMALIZACION";"T";"6C3066"
"ATENCION RECLAMO DOMICILIO";" $ 12.800 ";"U01";"UNION A TABLERO";6;"Cliente Aéreo";66;"NORMALIZACION";"T";"6U0166"
"ATENCION RECLAMO DOMICILIO";" $ 12.800 ";"A01";"ACOMETIDA";6;"Cliente Aéreo";66;"NORMALIZACION";"T";"6A0166"
"ATENCION RECLAMO DOMICILIO";" $ 12.800 ";"P25";"PROTECC EMP. 220V";7;"Cliente Subterráneo";66;"NORMALIZACION";"T";"7P2566"
"ATENCION RECLAMO DOMICILIO";" $ 12.800 ";"F01";"FASE";6;"Cliente Aéreo";66;"NORMALIZACION";"T";"6F0166"
"ATENCION RECLAMO DOMICILIO";" $ 12.800 ";"A02";"ACOMETIDA CONCEN";6;"Cliente Aéreo";66;"NORMALIZACION";"T";"6A0266"
"ATENCION RECLAMO DOMICILIO";" $ 12.800 ";"A02";"ACOMETIDA CONCEN";6;"Cliente Aéreo";67;"OBJETO CAIDO";"T";"6A0267"
"ATENCION RECLAMO DOMICILIO";" $ 12.800 ";"L02";"LINEA DE DISTRIBUCION";8;"Alumbrado Público";67;"OBJETO CAIDO";"T";"8L0267"
"ATENCION RECLAMO DOMICILIO";" $ 12.800 ";"C06";"CAJA DISTRIB. EMPALMES EN EDIFICIO";6;"Cliente Aéreo";69;"OTRA FALLA";"T";"6C0669"
"ATENCION RECLAMO DOMICILIO";" $ 12.800 ";"C30";"CHICOTE CAJA EMP.";6;"Cliente Aéreo";69;"OTRA FALLA";"T";"6C3069"
"ATENCION RECLAMO DOMICILIO";" $ 12.800 ";"F01";"FASE";6;"Cliente Aéreo";69;"OTRA FALLA";"T";"6F0169"
"ATENCION RECLAMO DOMICILIO";" $ 12.800 ";"P43";"POSTE DE PASO DE ACOMETIDA";6;"Cliente Aéreo";69;"OTRA FALLA";"T";"6P4369"
"ATENCION RECLAMO DOMICILIO";" $ 12.800 ";"T08";"TIERRA DE PROTECCION";6;"Cliente Aéreo";69;"OTRA FALLA";"T";"6T0869"
"ATENCION RECLAMO DOMICILIO";" $ 12.800 ";"L12";"LIMITADOR EN EDIFICIO";7;"Cliente Subterráneo";69;"OTRA FALLA";"T";"7L1269"
"ATENCION RECLAMO DOMICILIO";" $ 12.800 ";"M01";"MEDIDOR";7;"Cliente Subterráneo";69;"OTRA FALLA";"T";"7M0169"
"ATENCION RECLAMO DOMICILIO";" $ 12.800 ";"P10";"PLACA LOZA 25 AMP.";7;"Cliente Subterráneo";69;"OTRA FALLA";"T";"7P1069"
"ATENCION RECLAMO DOMICILIO";" $ 12.800 ";"T01";"TABLERO CLTE.";7;"Cliente Subterráneo";69;"OTRA FALLA";"T";"7T0169"
"ATENCION RECLAMO DOMICILIO";" $ 12.800 ";"L02";"LINEA DE DISTRIBUCION";8;"Alumbrado Público";69;"OTRA FALLA";"T";"8L0269"
"ATENCION RECLAMO DOMICILIO";" $ 12.800 ";"M01";"MEDIDOR";8;"Alumbrado Público";69;"OTRA FALLA";"T";"8M0169"
"ATENCION RECLAMO DOMICILIO";" $ 12.800 ";"P21";"POSTE ORNAMENTAL";8;"Alumbrado Público";69;"OTRA FALLA";"T";"8P2169"
"ATENCION RECLAMO DOMICILIO";" $ 12.800 ";"P25";"PROTECC EMP. 220V";8;"Alumbrado Público";69;"OTRA FALLA";"T";"8P2569"
"ATENCION RECLAMO DOMICILIO";" $ 12.800 ";"S03";"SECTOR";8;"Alumbrado Público";69;"OTRA FALLA";"T";"8S0369"
"ATENCION RECLAMO DOMICILIO";" $ 12.800 ";"C09";"CAMARA";9;"Otra Empresa";69;"OTRA FALLA";"T";"9C0969"
"ATENCION RECLAMO DOMICILIO";" $ 12.800 ";"L04";"LINEA APOYADA OTRA EMPR.";9;"Otra Empresa";69;"OTRA FALLA";"T";"9L0469"
"ATENCION RECLAMO DOMICILIO";" $ 12.800 ";"T10";"TIRANTE";9;"Otra Empresa";69;"OTRA FALLA";"T";"9T1069"
"ATENCION RECLAMO DOMICILIO";" $ 12.800 ";"C07";"CAJA EMP. MONOFASICA";6;"Cliente Aéreo";69;"OTRA FALLA";"T";"6C0769"
"ATENCION RECLAMO DOMICILIO";" $ 12.800 ";"T04";"TAPA CAJA EMP.";6;"Cliente Aéreo";69;"OTRA FALLA";"T";"6T0469"
"ATENCION RECLAMO DOMICILIO";" $ 12.800 ";"C02";"CABLE EMPALME";7;"Cliente Subterráneo";69;"OTRA FALLA";"T";"7C0269"
"ATENCION RECLAMO DOMICILIO";" $ 12.800 ";"I01";"IND. O EDIFICIO";7;"Cliente Subterráneo";69;"OTRA FALLA";"T";"7I0169"
"ATENCION RECLAMO DOMICILIO";" $ 12.800 ";"L09";"LUMINARIA";8;"Alumbrado Público";69;"OTRA FALLA";"T";"8L0969"
"ATENCION RECLAMO DOMICILIO";" $ 12.800 ";"P26";"PROTECC EMP. 380V";6;"Cliente Aéreo";69;"OTRA FALLA";"T";"6P2669"
"ATENCION RECLAMO DOMICILIO";" $ 12.800 ";"M01";"MEDIDOR";6;"Cliente Aéreo";69;"OTRA FALLA";"T";"6M0169"
"ATENCION RECLAMO DOMICILIO";" $ 12.800 ";"L02";"LINEA DE DISTRIBUCION";9;"Otra Empresa";69;"OTRA FALLA";"T";"9L0269"
"ATENCION RECLAMO DOMICILIO";" $ 12.800 ";"P10";"PLACA LOZA 25 AMP.";6;"Cliente Aéreo";69;"OTRA FALLA";"T";"6P1069"
"ATENCION RECLAMO DOMICILIO";" $ 12.800 ";"T01";"TABLERO CLTE.";6;"Cliente Aéreo";69;"OTRA FALLA";"T";"6T0169"
"ATENCION RECLAMO DOMICILIO";" $ 12.800 ";"P25";"PROTECC EMP. 220V";7;"Cliente Subterráneo";69;"OTRA FALLA";"T";"7P2569"
"ATENCION RECLAMO DOMICILIO";" $ 12.800 ";"A02";"ACOMETIDA CONCEN";6;"Cliente Aéreo";69;"OTRA FALLA";"T";"6A0269"
"ATENCION RECLAMO DOMICILIO";" $ 12.800 ";"D02";"DOMICILIO";7;"Cliente Subterráneo";69;"OTRA FALLA";"T";"7D0269"
"ATENCION RECLAMO DOMICILIO";" $ 12.800 ";"P25";"PROTECC EMP. 220V";6;"Cliente Aéreo";69;"OTRA FALLA";"T";"6P2569"
"ATENCION RECLAMO DOMICILIO";" $ 12.800 ";"D02";"DOMICILIO";6;"Cliente Aéreo";69;"OTRA FALLA";"T";"6D0269"
"ATENCION RECLAMO DOMICILIO";" $ 12.800 ";"P26";"PROTECC EMP. 380V";6;"Cliente Aéreo";77;"PUENTEADO-A";"T";"6P2677"
"ATENCION RECLAMO DOMICILIO";" $ 12.800 ";"T01";"TABLERO CLTE.";6;"Cliente Aéreo";77;"PUENTEADO-A";"T";"6T0177"
"ATENCION RECLAMO DOMICILIO";" $ 12.800 ";"P43";"POSTE DE PASO DE ACOMETIDA";6;"Cliente Aéreo";80;"QUEBRADO-A";"T";"6P4380"
"ATENCION RECLAMO DOMICILIO";" $ 12.800 ";"E03";"EXTENSION METALICA DE EMPALME";6;"Cliente Aéreo";80;"QUEBRADO-A";"T";"6E0380"
"ATENCION RECLAMO DOMICILIO";" $ 12.800 ";"C07";"CAJA EMP. MONOFASICA";6;"Cliente Aéreo";78;"QUEDO IGUAL";"T";"6C0778"
"ATENCION RECLAMO DOMICILIO";" $ 12.800 ";"L06";"LINEA PARTICULAR";6;"Cliente Aéreo";78;"QUEDO IGUAL";"T";"6L0678"
"ATENCION RECLAMO DOMICILIO";" $ 12.800 ";"P25";"PROTECC EMP. 220V";6;"Cliente Aéreo";78;"QUEDO IGUAL";"T";"6P2578"
"ATENCION RECLAMO DOMICILIO";" $ 12.800 ";"P26";"PROTECC EMP. 380V";6;"Cliente Aéreo";78;"QUEDO IGUAL";"T";"6P2678"
"ATENCION RECLAMO DOMICILIO";" $ 12.800 ";"C07";"CAJA EMP. MONOFASICA";7;"Cliente Subterráneo";78;"QUEDO IGUAL";"T";"7C0778"
"ATENCION RECLAMO DOMICILIO";" $ 12.800 ";"M01";"MEDIDOR";7;"Cliente Subterráneo";78;"QUEDO IGUAL";"T";"7M0178"
"ATENCION RECLAMO DOMICILIO";" $ 12.800 ";"L05";"LINEA AP MUNICIPAL";8;"Alumbrado Público";78;"QUEDO IGUAL";"T";"8L0578"
"ATENCION RECLAMO DOMICILIO";" $ 12.800 ";"L06";"LINEA PARTICULAR";8;"Alumbrado Público";78;"QUEDO IGUAL";"T";"8L0678"
"ATENCION RECLAMO DOMICILIO";" $ 12.800 ";"P21";"POSTE ORNAMENTAL";8;"Alumbrado Público";78;"QUEDO IGUAL";"T";"8P2178"
"ATENCION RECLAMO DOMICILIO";" $ 12.800 ";"P22";"POSTE METALICO  DE AP";8;"Alumbrado Público";78;"QUEDO IGUAL";"T";"8P2278"
"ATENCION RECLAMO DOMICILIO";" $ 12.800 ";"S03";"SECTOR";8;"Alumbrado Público";78;"QUEDO IGUAL";"T";"8S0378"
"ATENCION RECLAMO DOMICILIO";" $ 12.800 ";"L02";"LINEA DE DISTRIBUCION";8;"Alumbrado Público";78;"QUEDO IGUAL";"T";"8L0278"
"ATENCION RECLAMO DOMICILIO";" $ 12.800 ";"P19";"POSTE OTRA EMPRESA";9;"Otra Empresa";78;"QUEDO IGUAL";"T";"9P1978"
"ATENCION RECLAMO DOMICILIO";" $ 12.800 ";"P43";"POSTE DE PASO DE ACOMETIDA";6;"Cliente Aéreo";78;"QUEDO IGUAL";"T";"6P4378"
"ATENCION RECLAMO DOMICILIO";" $ 12.800 ";"R01";"RACK EMP.";6;"Cliente Aéreo";78;"QUEDO IGUAL";"T";"6R0178"
"ATENCION RECLAMO DOMICILIO";" $ 12.800 ";"D02";"DOMICILIO";6;"Cliente Aéreo";78;"QUEDO IGUAL";"T";"6D0278"
"ATENCION RECLAMO DOMICILIO";" $ 12.800 ";"A01";"ACOMETIDA";6;"Cliente Aéreo";98;"RETIRADO";"T";"6A0198"
"ATENCION RECLAMO DOMICILIO";" $ 12.800 ";"A02";"ACOMETIDA CONCEN";6;"Cliente Aéreo";98;"RETIRADO";"T";"6A0298"
"ATENCION RECLAMO DOMICILIO";" $ 12.800 ";"P25";"PROTECC EMP. 220V";6;"Cliente Aéreo";85;"REVISION";"T";"6P2585"
"ATENCION RECLAMO DOMICILIO";" $ 12.800 ";"C28";"CAJA EMP. TRIFASICA";7;"Cliente Subterráneo";85;"REVISION";"T";"7C2885"
"ATENCION RECLAMO DOMICILIO";" $ 12.800 ";"A01";"ACOMETIDA";6;"Cliente Aéreo";85;"REVISION";"T";"6A0185"
"ATENCION RECLAMO DOMICILIO";" $ 12.800 ";"U01";"UNION A TABLERO";6;"Cliente Aéreo";85;"REVISION";"T";"6U0185"
"ATENCION RECLAMO DOMICILIO";" $ 12.800 ";"C07";"CAJA EMP. MONOFASICA";7;"Cliente Subterráneo";85;"REVISION";"T";"7C0785"
"ATENCION RECLAMO DOMICILIO";" $ 12.800 ";"E06";"EMPALME TRIFASICO";7;"Cliente Subterráneo";85;"REVISION";"T";"7E0685"
"ATENCION RECLAMO DOMICILIO";" $ 12.800 ";"L02";"LINEA DE DISTRIBUCION";8;"Alumbrado Público";85;"REVISION";"T";"8L0285"
"ATENCION RECLAMO DOMICILIO";" $ 12.800 ";"E06";"EMPALME TRIFASICO";6;"Cliente Aéreo";85;"REVISION";"T";"6E0685"
"ATENCION RECLAMO DOMICILIO";" $ 12.800 ";"I01";"IND. O EDIFICIO";7;"Cliente Subterráneo";85;"REVISION";"T";"7I0185"
"ATENCION RECLAMO DOMICILIO";" $ 12.800 ";"C07";"CAJA EMP. MONOFASICA";6;"Cliente Aéreo";85;"REVISION";"T";"6C0785"
"ATENCION RECLAMO DOMICILIO";" $ 12.800 ";"M01";"MEDIDOR";7;"Cliente Subterráneo";85;"REVISION";"T";"7M0185"
"ATENCION RECLAMO DOMICILIO";" $ 12.800 ";"I01";"IND. O EDIFICIO";6;"Cliente Aéreo";85;"REVISION";"T";"6I0185"
"ATENCION RECLAMO DOMICILIO";" $ 12.800 ";"D02";"DOMICILIO";7;"Cliente Subterráneo";85;"REVISION";"T";"7D0285"
"ATENCION RECLAMO DOMICILIO";" $ 12.800 ";"D02";"DOMICILIO";6;"Cliente Aéreo";85;"REVISION";"T";"6D0285"
"ATENCION RECLAMO DOMICILIO";" $ 12.800 ";"I01";"IND. O EDIFICIO";6;"Cliente Aéreo";89;"SIN CORRIENTE";"T";"6I0189"
"ATENCION RECLAMO DOMICILIO";" $ 12.800 ";"D02";"DOMICILIO";6;"Cliente Aéreo";89;"SIN CORRIENTE";"T";"6D0289"
"ATENCION RECLAMO DOMICILIO";" $ 12.800 ";"D02";"DOMICILIO";7;"Cliente Subterráneo";89;"SIN CORRIENTE";"T";"7D0289"
"ATENCION RECLAMO DOMICILIO";" $ 12.800 ";"I01";"IND. O EDIFICIO";7;"Cliente Subterráneo";89;"SIN CORRIENTE";"T";"7I0189"
"ATENCION RECLAMO DOMICILIO";" $ 12.800 ";"B01";"BAJADA EMPALME";6;"Cliente Aéreo";92;"SUELTO-A";"T";"6B0192"
"ATENCION RECLAMO DOMICILIO";" $ 12.800 ";"B08";"BLOCK DE CONEX  (220V)";6;"Cliente Aéreo";92;"SUELTO-A";"T";"6B0892"
"ATENCION RECLAMO DOMICILIO";" $ 12.800 ";"B09";"BLOCK DE PRUEBA (220V)";6;"Cliente Aéreo";92;"SUELTO-A";"T";"6B0992"
"ATENCION RECLAMO DOMICILIO";" $ 12.800 ";"P26";"PROTECC EMP. 380V";6;"Cliente Aéreo";92;"SUELTO-A";"T";"6P2692"
"ATENCION RECLAMO DOMICILIO";" $ 12.800 ";"T04";"TAPA CAJA EMP.";6;"Cliente Aéreo";92;"SUELTO-A";"T";"6T0492"
"ATENCION RECLAMO DOMICILIO";" $ 12.800 ";"C30";"CHICOTE CAJA EMP.";7;"Cliente Subterráneo";92;"SUELTO-A";"T";"7C3092"
"ATENCION RECLAMO DOMICILIO";" $ 12.800 ";"F01";"FASE";7;"Cliente Subterráneo";92;"SUELTO-A";"T";"7F0192"
"ATENCION RECLAMO DOMICILIO";" $ 12.800 ";"F01";"FASE";8;"Alumbrado Público";92;"SUELTO-A";"T";"8F0192"
"ATENCION RECLAMO DOMICILIO";" $ 12.800 ";"A01";"ACOMETIDA";6;"Cliente Aéreo";92;"SUELTO-A";"T";"6A0192"
"ATENCION RECLAMO DOMICILIO";" $ 12.800 ";"C30";"CHICOTE CAJA EMP.";6;"Cliente Aéreo";92;"SUELTO-A";"T";"6C3092"
"ATENCION RECLAMO DOMICILIO";" $ 12.800 ";"U01";"UNION A TABLERO";6;"Cliente Aéreo";92;"SUELTO-A";"T";"6U0192"
"ATENCION RECLAMO DOMICILIO";" $ 12.800 ";"A02";"ACOMETIDA CONCEN";6;"Cliente Aéreo";92;"SUELTO-A";"T";"6A0292"
"ATENCION RECLAMO DOMICILIO";" $ 12.800 ";"P10";"PLACA LOZA 25 AMP.";6;"Cliente Aéreo";92;"SUELTO-A";"T";"6P1092"
"ATENCION RECLAMO DOMICILIO";" $ 12.800 ";"P25";"PROTECC EMP. 220V";6;"Cliente Aéreo";92;"SUELTO-A";"T";"6P2592"
"ATENCION RECLAMO DOMICILIO";" $ 12.800 ";"F01";"FASE";6;"Cliente Aéreo";92;"SUELTO-A";"T";"6F0192"
"ATENCION RECLAMO EN RED BT";" $ 14.934 ";"P29";"PROTECC T/D EN BT";3;"Transformador MT/BT";5;"ABIERTO";"T";"3P2905"
"ATENCION RECLAMO EN RED BT";" $ 14.934 ";"L02";"LINEA DE DISTRIBUCION";4;"Red BT Aérea";3;"AISLADO-A";"T";"4L0203"
"ATENCION RECLAMO EN RED BT";" $ 14.934 ";"B07";"BASTON LOAD BUSTER";1;"Red MT Aérea";10;"CAIDO-A";"T";"1B0710"
"ATENCION RECLAMO EN RED BT";" $ 14.934 ";"P16";"POSTE DISTRIBUCION";3;"Transformador MT/BT";11;"CHOCADO";"T";"3P1611"
"ATENCION RECLAMO EN RED BT";" $ 14.934 ";"C26";"CABLE PREENSAMBLADO ALUMINIO";4;"Red BT Aérea";12;"CON RAMAS";"T";"4C2612"
"ATENCION RECLAMO EN RED BT";" $ 14.934 ";"L02";"LINEA DE DISTRIBUCION";4;"Red BT Aérea";12;"CON RAMAS";"T";"4L0212"
"ATENCION RECLAMO EN RED BT";" $ 14.934 ";"L07";"LINEA DIST. CONC 1F";4;"Red BT Aérea";19;"CONEXIÓN FUNDIDA";"T";"4L0719"
"ATENCION RECLAMO EN RED BT";" $ 14.934 ";"N01";"NEUTRO";4;"Red BT Aérea";15;"CONEXIÓN SUELTA";"T";"4N0115"
"ATENCION RECLAMO EN RED BT";" $ 14.934 ";"F03";"FUSIBLE";1;"Red MT Aérea";16;"CORTADO-A";"T";"1F0316"
"ATENCION RECLAMO EN RED BT";" $ 14.934 ";"L02";"LINEA DE DISTRIBUCION";4;"Red BT Aérea";16;"CORTADO-A";"T";"4L0216"
"ATENCION RECLAMO EN RED BT";" $ 14.934 ";"C46";"CABLE BAJADA/SUBIDA";4;"Red BT Aérea";17;"CORTO-CIRCUITO";"T";"4C4617"
"ATENCION RECLAMO EN RED BT";" $ 14.934 ";"L02";"LINEA DE DISTRIBUCION";4;"Red BT Aérea";17;"CORTO-CIRCUITO";"T";"4L0217"
"ATENCION RECLAMO EN RED BT";" $ 14.934 ";"P50";"PROTECC. ARRANQUE MT";1;"Red MT Aérea";29;"DESCONECTADO";"T";"1P5029"
"ATENCION RECLAMO EN RED BT";" $ 14.934 ";"S03";"SECTOR";4;"Red BT Aérea";29;"DESCONECTADO";"T";"4S0329"
"ATENCION RECLAMO EN RED BT";" $ 14.934 ";"L02";"LINEA DE DISTRIBUCION";4;"Red BT Aérea";26;"DESTEMPLADO";"T";"4L0226"
"ATENCION RECLAMO EN RED BT";" $ 14.934 ";"C01";"CABLE DE DISTRIBUCION";5;"Red BT Subterránea";40;"FALLADO-A";"T";"5C0140"
"ATENCION RECLAMO EN RED BT";" $ 14.934 ";"P02";"PIEZA PORTA FUSIBLE NH";3;"Transformador MT/BT";43;"FUNDIDO-A";"T";"3P0243"
"ATENCION RECLAMO EN RED BT";" $ 14.934 ";"P03";"CONTACTO HEMBRA INF TRIPOLAR BT";3;"Transformador MT/BT";43;"FUNDIDO-A";"T";"3P0343"
"ATENCION RECLAMO EN RED BT";" $ 14.934 ";"C05";"CAJA DISTRIBUCION DAE";4;"Red BT Aérea";43;"FUNDIDO-A";"T";"4C0543"
"ATENCION RECLAMO EN RED BT";" $ 14.934 ";"B06";"BASTON BT";3;"Transformador MT/BT";43;"FUNDIDO-A";"T";"3B0643"
"ATENCION RECLAMO EN RED BT";" $ 14.934 ";"C10";"CAMARILLA";5;"Red BT Subterránea";47;"HUMEANDO";"T";"5C1047"
"ATENCION RECLAMO EN RED BT";" $ 14.934 ";"P16";"POSTE DISTRIBUCION";4;"Red BT Aérea";48;"INCLINADO";"T";"4P1648"
"ATENCION RECLAMO EN RED BT";" $ 14.934 ";"S03";"SECTOR";4;"Red BT Aérea";59;"NO ATENDIDO";"T";"4S0359"
"ATENCION RECLAMO EN RED BT";" $ 14.934 ";"P50";"PROTECC. ARRANQUE MT";1;"Red MT Aérea";61;"NO NORMALIZADO";"T";"1P5061"
"ATENCION RECLAMO EN RED BT";" $ 14.934 ";"P28";"PROTECCION DE T/D EN MT";3;"Transformador MT/BT";61;"NO NORMALIZADO";"T";"3P2861"
"ATENCION RECLAMO EN RED BT";" $ 14.934 ";"P29";"PROTECC T/D EN BT";3;"Transformador MT/BT";61;"NO NORMALIZADO";"T";"3P2961"
"ATENCION RECLAMO EN RED BT";" $ 14.934 ";"F03";"FUSIBLE";1;"Red MT Aérea";66;"NORMALIZACION";"T";"1F0366"
"ATENCION RECLAMO EN RED BT";" $ 14.934 ";"I02";"DESCONECTADOR FUSIBLE MT";1;"Red MT Aérea";66;"NORMALIZACION";"T";"1I0266"
"ATENCION RECLAMO EN RED BT";" $ 14.934 ";"T16";"TRANSF. PARTICULAR";1;"Red MT Aérea";66;"NORMALIZACION";"T";"1T1666"
"ATENCION RECLAMO EN RED BT";" $ 14.934 ";"T20";"TRANSF. DISTRIBUCION AEREO";1;"Red MT Aérea";66;"NORMALIZACION";"T";"1T2066"
"ATENCION RECLAMO EN RED BT";" $ 14.934 ";"T24";"TRANSF DE SUPERFICIE";3;"Transformador MT/BT";66;"NORMALIZACION";"T";"3T2466"
"ATENCION RECLAMO EN RED BT";" $ 14.934 ";"C41";"CONECTOR UDC";4;"Red BT Aérea";66;"NORMALIZACION";"T";"4C4166"
"ATENCION RECLAMO EN RED BT";" $ 14.934 ";"L08";"LINEA DIST. P/ENS. (CALPE)";4;"Red BT Aérea";66;"NORMALIZACION";"T";"4L0866"
"ATENCION RECLAMO EN RED BT";" $ 14.934 ";"N01";"NEUTRO";4;"Red BT Aérea";66;"NORMALIZACION";"T";"4N0166"
"ATENCION RECLAMO EN RED BT";" $ 14.934 ";"P34";"PUENTE DE DISTRIBUCION";4;"Red BT Aérea";66;"NORMALIZACION";"T";"4P3466"
"ATENCION RECLAMO EN RED BT";" $ 14.934 ";"R04";"REGLETA CONEX DAE";4;"Red BT Aérea";66;"NORMALIZACION";"T";"4R0466"
"ATENCION RECLAMO EN RED BT";" $ 14.934 ";"T20";"TRANSF. DISTRIBUCION AEREO";4;"Red BT Aérea";66;"NORMALIZACION";"T";"4T2066"
"ATENCION RECLAMO EN RED BT";" $ 14.934 ";"P29";"PROTECC T/D EN BT";5;"Red BT Subterránea";66;"NORMALIZACION";"T";"5P2966"
"ATENCION RECLAMO EN RED BT";" $ 14.934 ";"P04";"PPF LOAD BUSTER";1;"Red MT Aérea";66;"NORMALIZACION";"T";"1P0466"
"ATENCION RECLAMO EN RED BT";" $ 14.934 ";"P02";"PIEZA PORTA FUSIBLE NH";3;"Transformador MT/BT";66;"NORMALIZACION";"T";"3P0266"
"ATENCION RECLAMO EN RED BT";" $ 14.934 ";"P23";"PROTECCION DAE MT";3;"Transformador MT/BT";66;"NORMALIZACION";"T";"3P2366"
"ATENCION RECLAMO EN RED BT";" $ 14.934 ";"C26";"CABLE PREENSAMBLADO ALUMINIO";4;"Red BT Aérea";66;"NORMALIZACION";"T";"4C2666"
"ATENCION RECLAMO EN RED BT";" $ 14.934 ";"P27";"PROTECC LIMITADOR";4;"Red BT Aérea";66;"NORMALIZACION";"T";"4P2766"
"ATENCION RECLAMO EN RED BT";" $ 14.934 ";"F03";"FUSIBLE";5;"Red BT Subterránea";66;"NORMALIZACION";"T";"5F0366"
"ATENCION RECLAMO EN RED BT";" $ 14.934 ";"P30";"PROTECCION DE T/P EN MT";3;"Transformador MT/BT";66;"NORMALIZACION";"T";"3P3066"
"ATENCION RECLAMO EN RED BT";" $ 14.934 ";"T17";"TRIPOLAR";4;"Red BT Aérea";66;"NORMALIZACION";"T";"4T1766"
"ATENCION RECLAMO EN RED BT";" $ 14.934 ";"M02";"MOLE";5;"Red BT Subterránea";66;"NORMALIZACION";"T";"5M0266"
"ATENCION RECLAMO EN RED BT";" $ 14.934 ";"P24";"PROTECC DAE BT";3;"Transformador MT/BT";66;"NORMALIZACION";"T";"3P2466"
"ATENCION RECLAMO EN RED BT";" $ 14.934 ";"P50";"PROTECC. ARRANQUE MT";1;"Red MT Aérea";66;"NORMALIZACION";"T";"1P5066"
"ATENCION RECLAMO EN RED BT";" $ 14.934 ";"C39";"CONECTOR TIPO MUELA";4;"Red BT Aérea";66;"NORMALIZACION";"T";"4C3966"
"ATENCION RECLAMO EN RED BT";" $ 14.934 ";"L07";"LINEA DIST. CONC 1F";4;"Red BT Aérea";66;"NORMALIZACION";"T";"4L0766"
"ATENCION RECLAMO EN RED BT";" $ 14.934 ";"P28";"PROTECCION DE T/D EN MT";3;"Transformador MT/BT";66;"NORMALIZACION";"T";"3P2866"
"ATENCION RECLAMO EN RED BT";" $ 14.934 ";"L02";"LINEA DE DISTRIBUCION";4;"Red BT Aérea";66;"NORMALIZACION";"T";"4L0266"
"ATENCION RECLAMO EN RED BT";" $ 14.934 ";"S03";"SECTOR";4;"Red BT Aérea";66;"NORMALIZACION";"T";"4S0366"
"ATENCION RECLAMO EN RED BT";" $ 14.934 ";"P29";"PROTECC T/D EN BT";3;"Transformador MT/BT";66;"NORMALIZACION";"T";"3P2966"
"ATENCION RECLAMO EN RED BT";" $ 14.934 ";"P16";"POSTE DISTRIBUCION";1;"Red MT Aérea";69;"OTRA FALLA";"T";"1P1669"
"ATENCION RECLAMO EN RED BT";" $ 14.934 ";"P50";"PROTECC. ARRANQUE MT";1;"Red MT Aérea";69;"OTRA FALLA";"T";"1P5069"
"ATENCION RECLAMO EN RED BT";" $ 14.934 ";"T16";"TRANSF. PARTICULAR";1;"Red MT Aérea";69;"OTRA FALLA";"T";"1T1669"
"ATENCION RECLAMO EN RED BT";" $ 14.934 ";"P28";"PROTECCION DE T/D EN MT";3;"Transformador MT/BT";69;"OTRA FALLA";"T";"3P2869"
"ATENCION RECLAMO EN RED BT";" $ 14.934 ";"P29";"PROTECC T/D EN BT";3;"Transformador MT/BT";69;"OTRA FALLA";"T";"3P2969"
"ATENCION RECLAMO EN RED BT";" $ 14.934 ";"C44";"CHIC (PROT. BT DAE A REGL. DAE)";4;"Red BT Aérea";69;"OTRA FALLA";"T";"4C4469"
"ATENCION RECLAMO EN RED BT";" $ 14.934 ";"R04";"REGLETA CONEX DAE";4;"Red BT Aérea";69;"OTRA FALLA";"T";"4R0469"
"ATENCION RECLAMO EN RED BT";" $ 14.934 ";"S03";"SECTOR";4;"Red BT Aérea";69;"OTRA FALLA";"T";"4S0369"
"ATENCION RECLAMO EN RED BT";" $ 14.934 ";"C01";"CABLE DE DISTRIBUCION";5;"Red BT Subterránea";69;"OTRA FALLA";"T";"5C0169"
"ATENCION RECLAMO EN RED BT";" $ 14.934 ";"C10";"CAMARILLA";5;"Red BT Subterránea";69;"OTRA FALLA";"T";"5C1069"
"ATENCION RECLAMO EN RED BT";" $ 14.934 ";"R04";"REGLETA CONEX DAE";4;"Red BT Aérea";77;"PUENTEADO-A";"T";"4R0477"
"ATENCION RECLAMO EN RED BT";" $ 14.934 ";"G06";"GRAMPA DE RETENSION";4;"Red BT Aérea";80;"QUEBRADO-A";"T";"4G0680"
"ATENCION RECLAMO EN RED BT";" $ 14.934 ";"P12";"PORTA BURNDY";5;"Red BT Subterránea";80;"QUEBRADO-A";"T";"5P1280"
"ATENCION RECLAMO EN RED BT";" $ 14.934 ";"P16";"POSTE DISTRIBUCION";1;"Red MT Aérea";78;"QUEDO IGUAL";"T";"1P1678"
"ATENCION RECLAMO EN RED BT";" $ 14.934 ";"T16";"TRANSF. PARTICULAR";1;"Red MT Aérea";78;"QUEDO IGUAL";"T";"1T1678"
"ATENCION RECLAMO EN RED BT";" $ 14.934 ";"P30";"PROTECCION DE T/P EN MT";3;"Transformador MT/BT";78;"QUEDO IGUAL";"T";"3P3078"
"ATENCION RECLAMO EN RED BT";" $ 14.934 ";"C05";"CAJA DISTRIBUCION DAE";4;"Red BT Aérea";78;"QUEDO IGUAL";"T";"4C0578"
"ATENCION RECLAMO EN RED BT";" $ 14.934 ";"L08";"LINEA DIST. P/ENS. (CALPE)";4;"Red BT Aérea";78;"QUEDO IGUAL";"T";"4L0878"
"ATENCION RECLAMO EN RED BT";" $ 14.934 ";"S03";"SECTOR";5;"Red BT Subterránea";78;"QUEDO IGUAL";"T";"5S0378"
"ATENCION RECLAMO EN RED BT";" $ 14.934 ";"S03";"SECTOR";1;"Red MT Aérea";78;"QUEDO IGUAL";"T";"1S0378"
"ATENCION RECLAMO EN RED BT";" $ 14.934 ";"P29";"PROTECC T/D EN BT";3;"Transformador MT/BT";81;"QUEMADO";"T";"3P2981"
"ATENCION RECLAMO EN RED BT";" $ 14.934 ";"P29";"PROTECC T/D EN BT";3;"Transformador MT/BT";82;"REFUERZO PROTECCION";"T";"3P2982"
"ATENCION RECLAMO EN RED BT";" $ 14.934 ";"L08";"LINEA DIST. P/ENS. (CALPE)";4;"Red BT Aérea";98;"RETIRADO";"T";"4L0898"
"ATENCION RECLAMO EN RED BT";" $ 14.934 ";"L02";"LINEA DE DISTRIBUCION";4;"Red BT Aérea";98;"RETIRADO";"T";"4L0298"
"ATENCION RECLAMO EN RED BT";" $ 14.934 ";"S03";"SECTOR";2;"Red MT Subterránea";85;"REVISION";"T";"2S0385"
"ATENCION RECLAMO EN RED BT";" $ 14.934 ";"B23";"BOVEDA";5;"Red BT Subterránea";85;"REVISION";"T";"5B2385"
"ATENCION RECLAMO EN RED BT";" $ 14.934 ";"R03";"RECONECTADOR";1;"Red MT Aérea";85;"REVISION";"T";"1R0385"
"ATENCION RECLAMO EN RED BT";" $ 14.934 ";"Z01";"ZONA";1;"Red MT Aérea";85;"REVISION";"T";"1Z0185"
"ATENCION RECLAMO EN RED BT";" $ 14.934 ";"T15";"TRANSF. DISTRIBUCION SUBT";2;"Red MT Subterránea";85;"REVISION";"T";"2T1585"
"ATENCION RECLAMO EN RED BT";" $ 14.934 ";"C05";"CAJA DISTRIBUCION DAE";4;"Red BT Aérea";85;"REVISION";"T";"4C0585"
"ATENCION RECLAMO EN RED BT";" $ 14.934 ";"M02";"MOLE";5;"Red BT Subterránea";85;"REVISION";"T";"5M0285"
"ATENCION RECLAMO EN RED BT";" $ 14.934 ";"P16";"POSTE DISTRIBUCION";1;"Red MT Aérea";85;"REVISION";"T";"1P1685"
"ATENCION RECLAMO EN RED BT";" $ 14.934 ";"T20";"TRANSF. DISTRIBUCION AEREO";4;"Red BT Aérea";85;"REVISION";"T";"4T2085"
"ATENCION RECLAMO EN RED BT";" $ 14.934 ";"T15";"TRANSF. DISTRIBUCION SUBT";3;"Transformador MT/BT";85;"REVISION";"T";"3T1585"
"ATENCION RECLAMO EN RED BT";" $ 14.934 ";"D03";"DESCONECTADOR SUBTERRANEO SF6";2;"Red MT Subterránea";85;"REVISION";"T";"2D0385"
"ATENCION RECLAMO EN RED BT";" $ 14.934 ";"C09";"CAMARA";5;"Red BT Subterránea";85;"REVISION";"T";"5C0985"
"ATENCION RECLAMO EN RED BT";" $ 14.934 ";"L02";"LINEA DE DISTRIBUCION";1;"Red MT Aérea";85;"REVISION";"T";"1L0285"
"ATENCION RECLAMO EN RED BT";" $ 14.934 ";"S03";"SECTOR";1;"Red MT Aérea";85;"REVISION";"T";"1S0385"
"ATENCION RECLAMO EN RED BT";" $ 14.934 ";"T20";"TRANSF. DISTRIBUCION AEREO";3;"Transformador MT/BT";85;"REVISION";"T";"3T2085"
"ATENCION RECLAMO EN RED BT";" $ 14.934 ";"C10";"CAMARILLA";5;"Red BT Subterránea";85;"REVISION";"T";"5C1085"
"ATENCION RECLAMO EN RED BT";" $ 14.934 ";"S03";"SECTOR";5;"Red BT Subterránea";85;"REVISION";"T";"5S0385"
"ATENCION RECLAMO EN RED BT";" $ 14.934 ";"P16";"POSTE DISTRIBUCION";4;"Red BT Aérea";85;"REVISION";"T";"4P1685"
"ATENCION RECLAMO EN RED BT";" $ 14.934 ";"L02";"LINEA DE DISTRIBUCION";4;"Red BT Aérea";85;"REVISION";"T";"4L0285"
"ATENCION RECLAMO EN RED BT";" $ 14.934 ";"S03";"SECTOR";4;"Red BT Aérea";85;"REVISION";"T";"4S0385"
"ATENCION RECLAMO EN RED BT";" $ 14.934 ";"S03";"SECTOR";5;"Red BT Subterránea";89;"SIN CORRIENTE";"T";"5S0389"
"ATENCION RECLAMO EN RED BT";" $ 14.934 ";"S03";"SECTOR";4;"Red BT Aérea";89;"SIN CORRIENTE";"T";"4S0389"
"ATENCION RECLAMO EN RED BT";" $ 14.934 ";"C39";"CONECTOR TIPO MUELA";4;"Red BT Aérea";92;"SUELTO-A";"T";"4C3992"
"ATENCION RECLAMO EN RED BT";" $ 14.934 ";"T21";"TAPA CAJA CONEX DAE";4;"Red BT Aérea";92;"SUELTO-A";"T";"4T2192"
"VISITA SIN ACTUACION (FALSA ALARMA)";" $ 7.467 ";"I01";"IND. O EDIFICIO";6;"Cliente Aéreo";1;"CERRADO";"T";"6I0101"
"VISITA SIN ACTUACION (FALSA ALARMA)";" $ 7.467 ";"I01";"IND. O EDIFICIO";7;"Cliente Subterráneo";1;"CERRADO";"T";"7I0101"
"VISITA SIN ACTUACION (FALSA ALARMA)";" $ 7.467 ";"D02";"DOMICILIO";7;"Cliente Subterráneo";1;"CERRADO";"T";"7D0201"
"VISITA SIN ACTUACION (FALSA ALARMA)";" $ 7.467 ";"D02";"DOMICILIO";6;"Cliente Aéreo";1;"CERRADO";"T";"6D0201"
"VISITA SIN ACTUACION (FALSA ALARMA)";" $ 7.467 ";"Z01";"ZONA";2;"Red MT Subterránea";29;"DESCONECTADO";"T";"2Z0129"
"VISITA SIN ACTUACION (FALSA ALARMA)";" $ 7.467 ";"Z01";"ZONA";1;"Red MT Aérea";29;"DESCONECTADO";"T";"1Z0129"
"VISITA SIN ACTUACION (FALSA ALARMA)";" $ 7.467 ";"T20";"TRANSF. DISTRIBUCION AEREO";3;"Transformador MT/BT";37;"EN ATENCION";"T";"3T2037"
"VISITA SIN ACTUACION (FALSA ALARMA)";" $ 7.467 ";"C03";"CAJA DISTRIB BT SUBTERRANEA";5;"Red BT Subterránea";37;"EN ATENCION";"T";"5C0337"
"VISITA SIN ACTUACION (FALSA ALARMA)";" $ 7.467 ";"A02";"ACOMETIDA CONCEN";6;"Cliente Aéreo";37;"EN ATENCION";"T";"6A0237"
"VISITA SIN ACTUACION (FALSA ALARMA)";" $ 7.467 ";"I01";"IND. O EDIFICIO";6;"Cliente Aéreo";37;"EN ATENCION";"T";"6I0137"
"VISITA SIN ACTUACION (FALSA ALARMA)";" $ 7.467 ";"C02";"CABLE EMPALME";7;"Cliente Subterráneo";37;"EN ATENCION";"T";"7C0237"
"VISITA SIN ACTUACION (FALSA ALARMA)";" $ 7.467 ";"I01";"IND. O EDIFICIO";7;"Cliente Subterráneo";37;"EN ATENCION";"T";"7I0137"
"VISITA SIN ACTUACION (FALSA ALARMA)";" $ 7.467 ";"C10";"CAMARILLA";9;"Otra Empresa";37;"EN ATENCION";"T";"9C1037"
"VISITA SIN ACTUACION (FALSA ALARMA)";" $ 7.467 ";"L02";"LINEA DE DISTRIBUCION";1;"Red MT Aérea";37;"EN ATENCION";"T";"1L0237"
"VISITA SIN ACTUACION (FALSA ALARMA)";" $ 7.467 ";"P16";"POSTE DISTRIBUCION";1;"Red MT Aérea";37;"EN ATENCION";"T";"1P1637"
"VISITA SIN ACTUACION (FALSA ALARMA)";" $ 7.467 ";"P16";"POSTE DISTRIBUCION";4;"Red BT Aérea";37;"EN ATENCION";"T";"4P1637"
"VISITA SIN ACTUACION (FALSA ALARMA)";" $ 7.467 ";"S03";"SECTOR";5;"Red BT Subterránea";37;"EN ATENCION";"T";"5S0337"
"VISITA SIN ACTUACION (FALSA ALARMA)";" $ 7.467 ";"L02";"LINEA DE DISTRIBUCION";4;"Red BT Aérea";37;"EN ATENCION";"T";"4L0237"
"VISITA SIN ACTUACION (FALSA ALARMA)";" $ 7.467 ";"S03";"SECTOR";1;"Red MT Aérea";37;"EN ATENCION";"T";"1S0337"
"VISITA SIN ACTUACION (FALSA ALARMA)";" $ 7.467 ";"D02";"DOMICILIO";6;"Cliente Aéreo";37;"EN ATENCION";"T";"6D0237"
"VISITA SIN ACTUACION (FALSA ALARMA)";" $ 7.467 ";"D02";"DOMICILIO";7;"Cliente Subterráneo";37;"EN ATENCION";"T";"7D0237"
"VISITA SIN ACTUACION (FALSA ALARMA)";" $ 7.467 ";"S03";"SECTOR";4;"Red BT Aérea";37;"EN ATENCION";"T";"4S0337"
"VISITA SIN ACTUACION (FALSA ALARMA)";" $ 7.467 ";"S03";"SECTOR";8;"Alumbrado Público";52;"INACCESIBLE";"T";"8S0352"
"VISITA SIN ACTUACION (FALSA ALARMA)";" $ 7.467 ";"S03";"SECTOR";4;"Red BT Aérea";52;"INACCESIBLE";"T";"4S0352"
"VISITA SIN ACTUACION (FALSA ALARMA)";" $ 7.467 ";"D02";"DOMICILIO";6;"Cliente Aéreo";52;"INACCESIBLE";"T";"6D0252"
"VISITA SIN ACTUACION (FALSA ALARMA)";" $ 7.467 ";"D02";"DOMICILIO";6;"Cliente Aéreo";59;"NO ATENDIDO";"T";"6D0259"
"VISITA SIN ACTUACION (FALSA ALARMA)";" $ 7.467 ";"D02";"DOMICILIO";7;"Cliente Subterráneo";2;"NO SE UBICA";"T";"7D0202"
"VISITA SIN ACTUACION (FALSA ALARMA)";" $ 7.467 ";"D02";"DOMICILIO";6;"Cliente Aéreo";2;"NO SE UBICA";"T";"6D0202"
"VISITA SIN ACTUACION (FALSA ALARMA)";" $ 7.467 ";"C01";"CABLE DE DISTRIBUCION";5;"Red BT Subterránea";0;"NORMAL";"T";"5C0100"
"VISITA SIN ACTUACION (FALSA ALARMA)";" $ 7.467 ";"A01";"ACOMETIDA";6;"Cliente Aéreo";0;"NORMAL";"T";"6A0100"
"VISITA SIN ACTUACION (FALSA ALARMA)";" $ 7.467 ";"C27";"CAJA CONTROL TARIFA BLANCA";6;"Cliente Aéreo";0;"NORMAL";"T";"6C2700"
"VISITA SIN ACTUACION (FALSA ALARMA)";" $ 7.467 ";"E03";"EXTENSION METALICA DE EMPALME";6;"Cliente Aéreo";0;"NORMAL";"T";6000000000000000000000000000000000000000000000000000000000000000000000000000000000000000000000000000000000000000000000000000000000000000000000000000000000000000000000000000000000000000000000000000000000000000000000000000000000000000000000000000000000000000000000000000000000000000000000000000000000000
"VISITA SIN ACTUACION (FALSA ALARMA)";" $ 7.467 ";"M01";"MEDIDOR";6;"Cliente Aéreo";0;"NORMAL";"T";"6M0100"
"VISITA SIN ACTUACION (FALSA ALARMA)";" $ 7.467 ";"I01";"IND. O EDIFICIO";7;"Cliente Subterráneo";0;"NORMAL";"T";"7I0100"
"VISITA SIN ACTUACION (FALSA ALARMA)";" $ 7.467 ";"L02";"LINEA DE DISTRIBUCION";8;"Alumbrado Público";0;"NORMAL";"T";"8L0200"
"VISITA SIN ACTUACION (FALSA ALARMA)";" $ 7.467 ";"L09";"LUMINARIA";8;"Alumbrado Público";0;"NORMAL";"T";"8L0900"
"VISITA SIN ACTUACION (FALSA ALARMA)";" $ 7.467 ";"P22";"POSTE METALICO  DE AP";8;"Alumbrado Público";0;"NORMAL";"T";"8P2200"
"VISITA SIN ACTUACION (FALSA ALARMA)";" $ 7.467 ";"S03";"SECTOR";8;"Alumbrado Público";0;"NORMAL";"T";"8S0300"
"VISITA SIN ACTUACION (FALSA ALARMA)";" $ 7.467 ";"L02";"LINEA DE DISTRIBUCION";9;"Otra Empresa";0;"NORMAL";"T";"9L0200"
"VISITA SIN ACTUACION (FALSA ALARMA)";" $ 7.467 ";"L06";"LINEA PARTICULAR";9;"Otra Empresa";0;"NORMAL";"T";"9L0600"
"VISITA SIN ACTUACION (FALSA ALARMA)";" $ 7.467 ";"C07";"CAJA EMP. MONOFASICA";6;"Cliente Aéreo";0;"NORMAL";"T";"6C0700"
"VISITA SIN ACTUACION (FALSA ALARMA)";" $ 7.467 ";"M01";"MEDIDOR";7;"Cliente Subterráneo";0;"NORMAL";"T";"7M0100"
"VISITA SIN ACTUACION (FALSA ALARMA)";" $ 7.467 ";"S03";"SECTOR";5;"Red BT Subterránea";0;"NORMAL";"T";"5S0300"
"VISITA SIN ACTUACION (FALSA ALARMA)";" $ 7.467 ";"A02";"ACOMETIDA CONCEN";6;"Cliente Aéreo";0;"NORMAL";"T";"6A0200"
"VISITA SIN ACTUACION (FALSA ALARMA)";" $ 7.467 ";"I01";"IND. O EDIFICIO";6;"Cliente Aéreo";0;"NORMAL";"T";"6I0100"
"VISITA SIN ACTUACION (FALSA ALARMA)";" $ 7.467 ";"L02";"LINEA DE DISTRIBUCION";4;"Red BT Aérea";0;"NORMAL";"T";"4L0200"
"VISITA SIN ACTUACION (FALSA ALARMA)";" $ 7.467 ";"P16";"POSTE DISTRIBUCION";4;"Red BT Aérea";0;"NORMAL";"T";"4P1600"
"VISITA SIN ACTUACION (FALSA ALARMA)";" $ 7.467 ";"D02";"DOMICILIO";7;"Cliente Subterráneo";0;"NORMAL";"T";"7D0200"
"VISITA SIN ACTUACION (FALSA ALARMA)";" $ 7.467 ";"S03";"SECTOR";4;"Red BT Aérea";0;"NORMAL";"T";"4S0300"
"VISITA SIN ACTUACION (FALSA ALARMA)";" $ 7.467 ";"D02";"DOMICILIO";6;"Cliente Aéreo";0;"NORMAL";"T";"6D0200"
"VISITA SIN ACTUACION (FALSA ALARMA)";" $ 7.467 ";"P20";"POSTE MOZO";9;"Otra Empresa";69;"OTRA FALLA";"T";"9P2069"
"VISITA SIN ACTUACION (FALSA ALARMA)";" $ 7.467 ";"I01";"IND. O EDIFICIO";6;"Cliente Aéreo";69;"OTRA FALLA";"T";"6I0169"
"VISITA SIN ACTUACION (FALSA ALARMA)";" $ 7.467 ";"A01";"ACOMETIDA";6;"Cliente Aéreo";74;"PERDIDA DE AISLACION";"T";"6A0174"
"VISITA SIN ACTUACION (FALSA ALARMA)";" $ 7.467 ";"P16";"POSTE DISTRIBUCION";3;"Transformador MT/BT";78;"QUEDO IGUAL";"T";"3P1678"
"VISITA SIN ACTUACION (FALSA ALARMA)";" $ 7.467 ";"P16";"POSTE DISTRIBUCION";9;"Otra Empresa";78;"QUEDO IGUAL";"T";"9P1678"
"VISITA SIN ACTUACION (FALSA ALARMA)";" $ 7.467 ";"T23";"TUBO DE SUBIDA O BAJADA";9;"Otra Empresa";78;"QUEDO IGUAL";"T";"9T2378"
"VISITA SIN ACTUACION (FALSA ALARMA)";" $ 7.467 ";"L02";"LINEA DE DISTRIBUCION";4;"Red BT Aérea";78;"QUEDO IGUAL";"T";"4L0278"
"VISITA SIN ACTUACION (FALSA ALARMA)";" $ 7.467 ";"S03";"SECTOR";4;"Red BT Aérea";78;"QUEDO IGUAL";"T";"4S0378"
"VISITA SIN ACTUACION (FALSA ALARMA)";" $ 7.467 ";"M01";"MEDIDOR";6;"Cliente Aéreo";78;"QUEDO IGUAL";"T";"6M0178"
"VISITA SIN ACTUACION (FALSA ALARMA)";" $ 7.467 ";"P42";"POSTE APOYO DE MEDIDOR";6;"Cliente Aéreo";78;"QUEDO IGUAL";"T";"6P4278"
"VISITA SIN ACTUACION (FALSA ALARMA)";" $ 7.467 ";"L02";"LINEA DE DISTRIBUCION";9;"Otra Empresa";78;"QUEDO IGUAL";"T";"9L0278"
"VISITA SIN ACTUACION (FALSA ALARMA)";" $ 7.467 ";"L04";"LINEA APOYADA OTRA EMPR.";9;"Otra Empresa";78;"QUEDO IGUAL";"T";"9L0478"
"VISITA SIN ACTUACION (FALSA ALARMA)";" $ 7.467 ";"A02";"ACOMETIDA CONCEN";6;"Cliente Aéreo";78;"QUEDO IGUAL";"T";"6A0278"
"VISITA SIN ACTUACION (FALSA ALARMA)";" $ 7.467 ";"D02";"DOMICILIO";7;"Cliente Subterráneo";78;"QUEDO IGUAL";"T";"7D0278"
"VISITA SIN ACTUACION (FALSA ALARMA)";" $ 7.467 ";"T12";"TRANSF. DAE";4;"Red BT Aérea";85;"REVISION";"T";"4T1285"
"VISITA SIN ACTUACION (FALSA ALARMA)";" $ 7.467 ";"L09";"LUMINARIA";8;"Alumbrado Público";85;"REVISION";"T";"8L0985"
"VISITA SIN ACTUACION (FALSA ALARMA)";" $ 7.467 ";"L08";"LINEA DIST. P/ENS. (CALPE)";4;"Red BT Aérea";85;"REVISION";"T";"4L0885"
"VISITA SIN ACTUACION (FALSA ALARMA)";" $ 7.467 ";"M01";"MEDIDOR";6;"Cliente Aéreo";85;"REVISION";"T";"6M0185"
"VISITA SIN ACTUACION (FALSA ALARMA)";" $ 7.467 ";"A02";"ACOMETIDA CONCEN";6;"Cliente Aéreo";85;"REVISION";"T";"6A0285"
"VISITA SIN ACTUACION (FALSA ALARMA)";" $ 7.467 ";"C07";"CAJA EMP. MONOFASICA";6;"Cliente Aéreo";93;"SERVICIO REPUESTO";"T";"6C0793"
"VISITA SIN ACTUACION (FALSA ALARMA)";" $ 7.467 ";"C07";"CAJA EMP. MONOFASICA";7;"Cliente Subterráneo";93;"SERVICIO REPUESTO";"T";"7C0793"
"VISITA SIN ACTUACION (FALSA ALARMA)";" $ 7.467 ";"D02";"DOMICILIO";7;"Cliente Subterráneo";93;"SERVICIO REPUESTO";"T";"7D0293"
"VISITA SIN ACTUACION (FALSA ALARMA)";" $ 7.467 ";"D02";"DOMICILIO";6;"Cliente Aéreo";93;"SERVICIO REPUESTO";"T";"6D0293"
"VISITA SIN ACTUACION (FALSA ALARMA)";" $ 7.467 ";"I01";"IND. O EDIFICIO";7;"Cliente Subterráneo";57;"VERIFICACION DE DOMICILIO";"T";"7I0157"
"VISITA SIN ACTUACION (FALSA ALARMA)";" $ 7.467 ";"I01";"IND. O EDIFICIO";6;"Cliente Aéreo";57;"VERIFICACION DE DOMICILIO";"T";"6I0157"
"VISITA SIN ACTUACION (FALSA ALARMA)";" $ 7.467 ";"D02";"DOMICILIO";7;"Cliente Subterráneo";57;"VERIFICACION DE DOMICILIO";"T";"7D0257"
"VISITA SIN ACTUACION (FALSA ALARMA)";" $ 7.467 ";"D02";"DOMICILIO";6;"Cliente Aéreo";57;"VERIFICACION DE DOMICILIO";"T";"6D0257"
